title,authors
Register Always Matters: Analysis of LLM Pretraining Data Through the Lens of Language Variation,"Amanda Myntti, Erik Henriksson, Veronika Laippala, Sampo Pyysalo"
Extragradient Preference Optimization (EGPO): Beyond Last-Iterate Convergence for Nash Learning from Human Feedback,"Runlong Zhou, Maryam Fazel, Simon Shaolei Du"
Understanding R1-Zero-Like Training: A Critical Perspective,"Zichen Liu, Changyu Chen, Wenjun Li, Penghui Qi, Tianyu Pang, Chao Du, Wee Sun Lee, Min Lin"
Why do LLMs attend to the first token?,"Federico Barbero, Alvaro Arroyo, Xiangming Gu, Christos Perivolaropoulos, Petar Veličković, Razvan Pascanu, Michael M. Bronstein"
Inside-Out: Hidden Factual Knowledge in LLMs,"Zorik Gekhman, Eyal Ben-David, Hadas Orgad, Eran Ofek, Yonatan Belinkov, Idan Szpektor, Jonathan Herzig, Roi Reichart"
Elucidating the Design Space of Decay in Linear Attention,"Zhen Qin, Xuyang Shen, Yiran Zhong"
ScholarCopilot: Training Large Language Models for Academic Writing with Accurate Citations,"Yubo Wang, Xueguang Ma, Ping Nie, Huaye Zeng, Zhiheng Lyu, Yuxuan Zhang, Benjamin Schneider, Yi Lu, Xiang Yue, Wenhu Chen"
Finding Flawed Fictions: Evaluating Complex Reasoning in Language Models via Plot Hole Detection,"Kabir Ahuja, Melanie Sclar, Yulia Tsvetkov"
Do Language Models Agree with Human Perceptions of Suspense in Stories?,"Glenn Matlin, Devin Zhang, Rodrigo Barroso Loza, Diana M. Popescu, Joni Isbell, Chandreyi Chakraborty, Mark Riedl"
Learning Effective Language Representations for Sequential Recommendation via Joint Embedding Predictive Architecture,"Nguyen Anh Minh, Dung D. Le"
QUDsim: Quantifying Discourse Similarities in LLM-Generated Text,"Ramya Namuduri, Yating Wu, Anshun Asher Zheng, Manya Wadhwa, Greg Durrett, Junyi Jessy Li"
L1: Controlling How Long A Reasoning Model Thinks With Reinforcement Learning,"Pranjal Aggarwal, Sean Welleck"
Breaking the Unimodal Trap to Fully Unlock Multimodal In-Context Learning,"Shuo Chen, Jianzhe Liu, Zhen Han, Yan Xia, Daniel Cremers, Philip Torr, Volker Tresp, Jindong Gu"
MAC: A Live Benchmark for Multimodal Large Language Models in Scientific Understanding,"Mohan Jiang, Jin Gao, Jiahao Zhan, Dequan Wang"
Off-Policy Corrected Reward Modeling for Reinforcement Learning from Human Feedback,"Johannes Ackermann, Takashi Ishida, Masashi Sugiyama"
How Relative Input Length affects Positional Biases in LLMs,"Blerta Veseli, Mariya Toneva, Julian Chibane, Alexander Koller"
ALFA: Aligning LLMs to Ask Good Questions A Case Study in Clinical Reasoning,"Shuyue Stella Li, Jimin Mun, Faeze Brahman, Pedram Hosseini, Bryceton G. Thomas, Jessica M. Sin, Bing Ren, Jonathan S. Ilgen, Yulia Tsvetkov, Maarten Sap"
Building Instruction-Tuning Datasets from Human-Written Instructions with Open-Weight Large Language Models,"Youmi Ma, Sakae Mizuki, Kazuki Fujii, Taishi Nakamura, Masanari Ohi, Hinari Shimada, Taihei Shiotani, Koshiro Saito, Koki Maeda, Kakeru Hattori, Takumi Okamoto, Shigeki Ishida, Rio Yokota, Hiroya Takamura, Naoaki Okazaki"
SecurityLingua: Efficient Defense of LLM Jailbreak Attacks via Security-Aware Prompt Compression,"Yucheng Li, Surin Ahn, Huiqiang Jiang, Amir H. Abdi, Yuqing Yang, Lili Qiu"
Truth-value judgment in language models: ‘truth directions’ are context sensitive,"Stefan F. Schouten, Peter Bloem, Ilia Markov, Piek Vossen"
When Does Metadata Conditioning (NOT) Work for Language Model Pre-Training? A Study with Context-Free Grammars,"Rei Higuchi, Ryotaro Kawata, Naoki Nishikawa, Kazusato Oko, Shoichiro Yamaguchi, Sosuke Kobayashi, Seiya Tokui, Kohei Hayashi, Daisuke Okanohara, Taiji Suzuki"
Assessing Judging Bias in Large Reasoning Models: An Empirical Study,"Qian Wang, Zhanzhi Lou, Zhenheng Tang, Nuo Chen, Xuandong Zhao, Wenxuan Zhang, Dawn Song, Bingsheng He"
Modifying Large Language Model Post-Training for Diverse Creative Writing,"John Joon Young Chung, Vishakh Padmakumar, Melissa Roemmele, Yuqian Sun, Max Kreminski"
Yourbench: Dynamic Evaluation Set Generation with LLMs,"Sumuk Shashidhar, Clémentine Fourrier, Alina Lozovskaya, Thomas Wolf, Gokhan Tur, Dilek Hakkani-Tür"
Sample Efficient Preference Alignment in LLMs via Active Exploration,"Viraj Mehta, Syrine Belakaria, Vikramjeet Das, Ojash Neopane, Yijia Dai, Ilija Bogunovic, Barbara Engelhardt, Stefano Ermon, Jeff Schneider, Willie Neiswanger"
DynaSaur: Large Language Agents Beyond Predefined Actions,"Dang Nguyen, Viet Dac Lai, Seunghyun Yoon, Ryan A. Rossi, Handong Zhao, Ruiyi Zhang, Puneet Mathur, Nedim Lipka, Yu Wang, Trung Bui, Franck Dernoncourt, Tianyi Zhou"
CRUST-Bench: A Comprehensive Benchmark for C-to-safe-Rust Transpilation,"Anirudh Khatry, Robert Zhang, Jia Pan, Ziteng Wang, Qiaochu Chen, Greg Durrett, Isil Dillig"
SQuat: Subspace-orthogonal KV Cache Quantization,"Hao Wang, Ligong Han, Kai Xu, Akash Srivastava"
X-EcoMLA: Upcycling Pre-Trained Attention into MLA for Efficient and Extreme KV Compression,"Guihong Li, Mehdi Rezagholizadeh, Mingyu Yang, Vikram Appia, Emad Barsoum"
Hidden in plain sight: VLMs overlook their visual representations,"Stephanie Fu, tyler bonnen, Devin Guillory, Trevor Darrell"
Evaluating and Designing Sparse Autoencoders by Approximating Quasi-Orthogonality,"Sewoong Lee, Adam Davies, Marc E. Canby, Julia Hockenmaier"
JailDAM: Jailbreak Detection with Adaptive Memory for Vision-Language Model,"Yi Nian, Shenzhe Zhu, Yuehan Qin, Li Li, Ziyi Wang, Chaowei Xiao, Yue Zhao"
The World According to LLMs: How Geographic Origin Influences LLMs' Entity Deduction Capabilities,"Harsh Nishant Lalai, Raj Sanjay Shah, Jiaxin Pei, Sashank Varma, Yi-Chia Wang, Ali Emami"
Synthetic Data Generation and Multi-Step Reinforcement Learning for Reasoning and Tool Use,"Anna Goldie, Azalia Mirhoseini, Hao Zhou, Irene Cai, Christopher D Manning"
On Mechanistic Circuits for Extractive Question-Answering,"Samyadeep Basu, Vlad I Morariu, Ryan A. Rossi, Nanxuan Zhao, Zichao Wang, Soheil Feizi, Varun Manjunatha"
Multi-Token Attention,"Olga Golovneva, Tianlu Wang, Jason E Weston, Sainbayar Sukhbaatar"
Interpreting the linear structure of vision-language model embedding spaces,"Huangyuan Su, Thomas Fel, Isabel Papadimitriou, Sham M. Kakade, Stephanie Gil"
Towards Compute-Optimal Many-Shot In-Context Learning,"Shahriar Golchin, Yanfei Chen, Rujun Han, Manan Gandhi, Tianli Yu, Swaroop Mishra, Mihai Surdeanu, Rishabh Agarwal, Chen-Yu Lee, Tomas Pfister"
Weight ensembling improves reasoning in language models,"Xingyu Dang, Christina Baek, Kaiyue Wen, J Zico Kolter, Aditi Raghunathan"
Texture or Semantics? Vision-Language Models Get Lost in Font Recognition,"Zhecheng Li, Guoxian Song, Yujun Cai, Zhen Xiong, Junsong Yuan, Yiwei Wang"
Contextualize-then-Aggregate: Circuits for In-Context Learning in Gemma-2 2B,"Aleksandra Bakalova, Yana Veitsman, Xinting Huang, Michael Hahn"
Sherkala-Chat: Building a State-of-the-Art LLM for Kazakh in a Moderately Resourced Setting,"Fajri Koto, Rituraj Joshi, Nurdaulet Mukhituly, Yuxia Wang, Zhuohan Xie, Rahul Pal, Daniil Orel, Parvez Mullah, Diana Turmakhan, Maiya Goloburda, Mohammed Kamran, Samujjwal Ghosh, Bokang Jia, Jonibek Mansurov, Mukhammed Togmanov, Debopriyo Banerjee, Nurkhan Laiyk, Akhmed Sakip, Xudong Han, Ekaterina Kochmar, Alham Fikri Aji, Aaryamonvikram Singh, Alok Anil Jadhav, Satheesh Katipomu, Samta Kamboj, Monojit Choudhury, Gurpreet Gosal, Gokulakrishnan Ramakrishnan, Biswajit Mishra, Sarath Chandran, Avraham Sheinin, Natalia Vassilieva, Neha Sengupta, Preslav Nakov"
ICQuant: Index Coding enables Low-bit LLM Quantization,"Xinlin Li, Osama Hanna, Christina Fragouli, Suhas Diggavi"
Can Language Models Falsify? Evaluating Algorithmic Reasoning with Counterexample Creation,"Shiven Sinha, Shashwat Goel, Ponnurangam Kumaraguru, Jonas Geiping, Matthias Bethge, Ameya Prabhu"
TRELLIS: Learning to Compress Key-Value Memory in Attention Models,"Mahdi Karami, Ali Behrouz, Praneeth Kacham, Vahab Mirrokni"
Language Model Uncertainty Quantification with Attention Chain,"Yinghao Li, Rushi Qiang, Lama Moukheiber, Chao Zhang"
Pretrained Hybrids with MAD Skills,"Nicholas Roberts, Samuel Guo, Zhiqi Gao, Satya Sai Srinath Namburi GNVV, Sonia Cromp, Chengjun Wu, Chengyu Duan, Frederic Sala"
Prompt-Reverse Inconsistency: LLM Self-Inconsistency Beyond Generative Randomness and Prompt Paraphrasing,"Jihyun Janice Ahn, Wenpeng Yin"
ALOPE: Adaptive Layer Optimization for Translation Quality Estimation using Large Language Models,"Archchana Sindhujan, Shenbin Qian, Chan Chi Chun Matthew, Diptesh Kanojia, Constantin Orasan"
Phased Training for LLM-powered Text Retrieval Models Beyond Data Scaling,"Xin Zhang, Yanzhao Zhang, Wen Xie, Dingkun Long, Mingxin Li, Pengjun Xie, Meishan Zhang, Wenjie Li, Min Zhang"
Jigsaw Puzzles: Splitting Harmful Questions to Jailbreak Large Language Models in Multi-turn Interactions,"Hao Yang, Lizhen Qu, Ehsan Shareghi, Gholamreza Haffari"
Multilingual and Multi-Accent Jailbreaking of Audio LLMs,"Jaechul Roh, Virat Shejwalkar, Amir Houmansadr"
CodeARC: Benchmarking Reasoning Capabilities of LLM Agents for Inductive Program Synthesis,"Anjiang Wei, Tarun Suresh, Jiannan Cao, Naveen Kannan, Yuheng Wu, Kai Yan, Thiago S. F. X. Teixeira, Ke Wang, Alex Aiken"
Speculative Thinking: Enhancing Small-Model Reasoning with Large Model Guidance at Inference Time,"Van Yang, Xiang Yue, Vipin Chaudhary, Xiaotian Han"
Rethinking Associative Memory Mechanism in Induction Head,"Shuo Wang, Issei Sato"
Epistemic Alignment: A Mediating Framework for User-LLM Knowledge Delivery,"Nicholas Clark, Hua Shen, Bill Howe, Tanu Mitra"
REM: Evaluating LLM Embodied Spatial Reasoning through Multi-Frame Trajectories,"Jacob Thompson, Emiliano Garcia-Lopez, Yonatan Bisk"
Post-training for Efficient Communication via Convention Formation,"Yilun Hua, Evan Wang, Yoav Artzi"
Readability ≠ Learnability: Rethinking the Role of Simplicity in Training Small Language Models,"Ivan Lee, Taylor Berg-Kirkpatrick"
Verifying the Verifiers: Unveiling Pitfalls and Potentials in Fact Verifiers,"Wooseok Seo, Seungju Han, Jaehun Jung, Benjamin Newman, Seungwon Lim, Seungbeen Lee, Ximing Lu, Yejin Choi, Youngjae Yu"
Adaptive Computation Pruning for the Forgetting Transformer,"Zhixuan Lin, Johan Obando-Ceron, Xu Owen He, Aaron Courville"
What is the Visual Cognition Gap between Humans and Multimodal LLMs?,"Xu Cao, Yifan Shen, Bolin Lai, Wenqian Ye, Yunsheng Ma, Joerg Heintz, Jintai Chen, Meihuan Huang, Jianguo Cao, Aidong Zhang, James Matthew Rehg"
Cutting the Root of Hallucination: Structural Trimming for Vulnerability Mitigation in Code LLMs,Yage Zhang
LM Agents May Fail to Act on Their Own Risk Knowledge,"Yuzhi Tang, Tianxiao Li, Elizabeth Li, Chris J. Maddison, Honghua Dong, Yangjun Ruan"
Self-Rewarding PPO: Aligning Large Language Models with Demonstrations Only,"Qingru Zhang, Liang Qiu, Ilgee Hong, Zhenghao Xu, Tianyi Liu, Shiyang Li, Rongzhi Zhang, Zheng Li, Lihong Li, Bing Yin, Chao Zhang, Jianshu Chen, Haoming Jiang, Tuo Zhao"
Multilingual Contextualization of Large Language Models for Document-Level Machine Translation,"Miguel Moura Ramos, Patrick Fernandes, Sweta Agrawal, Andre Martins"
SimpleRL-Zoo: Investigating and Taming Zero Reinforcement Learning for Open Base Models in the Wild,"Weihao Zeng, Yuzhen Huang, Qian Liu, Wei Liu, Keqing He, Zejun MA, Junxian He"
EvalAgents: Discovering Implicit Evaluation Criteria from the Web,"Manya Wadhwa, Zayne Rea Sprague, Chaitanya Malaviya, Philippe Laban, Junyi Jessy Li, Greg Durrett"
SAT: Dynamic Spatial Aptitude Training for Multimodal Language Models,"Arijit Ray, Jiafei Duan, Ellis L Brown II, Reuben Tan, Dina Bashkirova, Rose Hendrix, Kiana Ehsani, Aniruddha Kembhavi, Bryan A. Plummer, Ranjay Krishna, Kuo-Hao Zeng, Kate Saenko"
PredGen: Accelerated Inference of Large Language Models through Input-Time Speculation for Real-Time Speech Interaction,"Shufan Li, Aditya Grover"
Adversarial Training of Reward Models,"Alexander Bukharin, Haifeng Qian, Shengyang Sun, Adithya Renduchintala, Soumye Singhal, Zhilin Wang, Oleksii Kuchaiev, Olivier Delalleau, Tuo Zhao"
Limitations of refinement methods for weak to strong generalization,"Seamus Somerstep, Yaacov Ritov, Mikhail Yurochkin, Subha Maity, Yuekai Sun"
CRABS: A syntactic-semantic pincer strategy for bounding LLM interpretation of Python notebooks,"Meng Li, Timothy M. McPhillips, Dingmin Wang, Shin-Rong Tsai, Bertram Ludäscher"
"Can LLM ""Self-report""?: Evaluating the Validity of Self-report Scales in Measuring Personality Design in LLM-based Chatbots","Huiqi Zou, Pengda Wang, Zihan Yan, Tianjun Sun, Ziang Xiao"
News is More than a Collection of Facts: Moral Frame Preserving News Summarization,"Enrico Liscio, Michela Lorandi, Pradeep K. Murukannaiah"
VisualTrap: A Stealthy Backdoor Attack on GUI Agents via Visual Grounding Manipulation,"Ziang Ye, Yang Zhang, Wentao Shi, Xiaoyu You, Fuli Feng, Tat-Seng Chua"
"Transformers are Efficient Compilers, Provably","Xiyu Zhai, Runlong Zhou, Liao Zhang, Simon Shaolei Du"
The Devil is in the EOS: Sequence Training for Detailed Image Captioning,"Abdelrahman Mohamed, Yova Kementchedjhieva"
Evaluating LLMs on Chinese Idiom Translation,"Cai Yang, Yao Dou, David Heineman, Xiaofeng Wu, Wei Xu"
Towards User-level Private Reinforcement Learning with Human Feedback,"Jiaming Zhang, Mingxi Lei, Meng Ding, Mengdi Li, Zihang Xiang, Difei Xu, Jinhui Xu, Di Wang"
"How Multimodal LLMs Solve Image Tasks: A Lens on Visual Grounding, Task Reasoning, and Answer Decoding","Zhuoran Yu, Yong Jae Lee"
CALLME: Call Graph Augmentation with Large Language Models for Javascript,"Michael Wang, Kexin Pei, Armando Solar-Lezama"
VideoSAVi: Self-Aligned Video Language Models without Human Supervision,"Yogesh Kulkarni, Pooyan Fazli"
AutoScale: Scale-Aware Data Mixing for Pre-Training LLMs,"Feiyang Kang, Yifan Sun, Bingbing Wen, Si Chen, Dawn Song, Rafid Mahmood, Ruoxi Jia"
Correctness-Guaranteed Code Generation via Constrained Decoding,"Lingxiao Li, salar rahili, Yiwei Zhao"
PolyGuard: A Multilingual Safety Moderation Tool for 17 Languages,"Priyanshu Kumar, Devansh Jain, Akhila Yerukola, Liwei Jiang, Himanshu Beniwal, Thomas Hartvigsen, Maarten Sap"
Traceable and Explainable Multimodal Large Language Models: An Information-Theoretic View,"Zihan Huang, Junda Wu, Rohan Surana, Raghav Jain, Tong Yu, Raghavendra Addanki, David Arbour, Sungchul Kim, Julian McAuley"
LawFlow : Collecting and Simulating Lawyers' Thought Processes,"Debarati Das, Khanh Chi Le, Ritik Sachin Parkar, Karin De Langis, Brendan Madson, Chad M. Berryman, Robin M Willis, Daniel H Moses, Brett McDonnell, Daniel Schwarcz, Dongyeop Kang"
measure them all: Benchmarking multilingual long-context language models,"Yekyung Kim, Jenna Russell, Marzena Karpinska, Mohit Iyyer"
Multi-Agent Verification: Scaling Test-Time Compute with Multiple Verifiers,"Shalev Lifshitz, Sheila A. McIlraith, Yilun Du"
"AnonModel: Pareto-Optimal, Fully Open Language Modeling","Evan Pete Walsh, Luca Soldaini, Dirk Groeneveld, Kyle Lo, Shane Arora, Akshita Bhagia, Yuling Gu, Shengyi Huang, Matt Jordan, Nathan Lambert, Dustin Schwenk, Oyvind Tafjord, Taira Anderson, David Atkinson, Faeze Brahman, Christopher Clark, Pradeep Dasigi, Nouha Dziri, Allyson Ettinger, Michal Guerquin, David Heineman, Hamish Ivison, Pang Wei Koh, Jiacheng Liu, Saumya Malik, William Merrill, Lester James Validad Miranda, Jacob Morrison, Tyler Murray, Crystal Nam, Jake Poznanski, Valentina Pyatkin, Aman Rangapur, Michael Schmitz, Sam Skjonsberg, David Wadden, Christopher Wilhelm, Michael Wilson, Luke Zettlemoyer, Ali Farhadi, Noah A. Smith, Hannaneh Hajishirzi"
Why Foundation Models Struggle with Cross-Modal Context,"Chen Henry Wu, Neil Kale, Aditi Raghunathan"
Bayesian scaling laws for in-context learning,"Aryaman Arora, Dan Jurafsky, Christopher Potts, Noah Goodman"
Improving LLMs‘ Generalized Reasoning Abilities by Graph Problems,"Qifan Zhang, Nuo Chen, Zehua Li, Miao Peng, Jing Tang, Jia Li"
Language Models Fail to Introspect About Their Knowledge of Language,"Siyuan Song, Jennifer Hu, Kyle Mahowald"
Echo Chamber: RL Post-training Amplifies Behaviors Learned in Pretraining,"Rosie Zhao, Alexandru Meterez, Sham M. Kakade, Cengiz Pehlevan, Samy Jelassi, Eran Malach"
M-Prometheus: A Suite of Open Multilingual LLM Judges,"José Pombal, Dongkeun Yoon, Patrick Fernandes, Ian Wu, Seungone Kim, Ricardo Rei, Graham Neubig, Andre Martins"
Implicit In-Context Learning: Evidence from Artificial Language Experiments,"Xiaomeng Ma, Qihui Xu"
The Unlearning Mirage: A Dynamic Framework for Evaluating LLM Unlearning,"Raj Sanjay Shah, Jing Huang, Keerthiram Murugesan, Nathalie Baracaldo, Diyi Yang"
Do LLMs Understand Your Translations? Evaluating Paragraph-level MT with Question Answering,"Patrick Fernandes, Sweta Agrawal, Emmanouil Zaranis, Andre Martins, Graham Neubig"
Rethinking Safety in LLM Fine-tuning: An Optimization Perspective,"Minseon Kim, Jin Myung Kwak, Lama Alssum, Bernard Ghanem, Philip Torr, David Krueger, Fazl Barez, Adel Bibi"
BigCharts-R1: Enhanced Chart Reasoning with Visual Reinforcement Finetuning,"Ahmed Masry, Abhay Puri, Masoud Hashemi, Juan A. Rodriguez, Megh Thakkar, Khyati Mahajan, Vikas Yadav, Sathwik Tejaswi Madhusudhan, Alexandre Piché, Dzmitry Bahdanau, Christopher Pal, David Vazquez, Enamul Hoque, Perouz Taslakian, Sai Rajeswar, Spandana Gella"
GenerationPrograms: Fine-grained Attribution with Executable Programs,"David Wan, Eran Hirsch, Elias Stengel-Eskin, Ido Dagan, Mohit Bansal"
Rerouting LLM Routers,"Avital Shafran, Roei Schuster, Tom Ristenpart, Vitaly Shmatikov"
"C3PO: Critical-Layer, Core-Expert, Collaborative Pathway Optimization for Test-Time Expert Re-Mixing","Zhongyang Li, Ziyue Li, Tianyi Zhou"
SEAM: Semantically Equivalent Across Modalities Benchmark for Vision-Language Models,"Zhenwei Tang, Difan Jiao, Blair Yang, Ashton Anderson"
A Critical Look At Tokenwise Reward-Guided Text Generation,"Ahmad Rashid, Ruotian Wu, Julia Grosse, Agustinus Kristiadi, Pascal Poupart"
Collab-RAG: Boosting Retrieval-Augmented Generation for Complex Question Answering via White-Box and Black-Box LLM Collaboration,"Ran Xu, Wenqi Shi, Yuchen Zhuang, Yue Yu, Joyce C. Ho, Haoyu Wang, Carl Yang"
Hidden Verifiers: Revealing Reasoning Models’ Ability to Check Themselves,"Anqi Zhang, Yulin Chen, Jane Pan, Chen Zhao, Aurojit Panda, Jinyang Li, He He"
SAEs Can Improve Unlearning: Dynamic Sparse Autoencoder Guardrails for Precision Unlearning in LLMs,"Aashiq Muhamed, Jacopo Bonato, Mona T. Diab, Virginia Smith"
A Controlled Study on Long Context Extension and Generalization in LLMs,"Yi Lu, Jing Nathan Yan, Songlin Yang, Justin T Chiu, Siyu Ren, Fei Yuan, Wenting Zhao, Zhiyong Wu, Alexander M Rush"
Rethinking Multilingual Continual Pretraining: Data Mixing for Adapting LLMs Across Languages and Resources,"Zihao Li, Shaoxiong Ji, Hengyu Luo, Jörg Tiedemann"
Reasoning-SQL: Reinforcement Learning with SQL Tailored Partial Rewards for Reasoning-Enhanced Text-to-SQL,"Mohammadreza Pourreza, Shayan Talaei, Ruoxi Sun, Xingchen Wan, Hailong Li, Azalia Mirhoseini, Amin Saberi, Sercan O Arik"
EuroBERT: Scaling Multilingual Encoders for European Languages,"Nicolas Boizard, Hippolyte Gisserot-Boukhlef, Duarte Miguel Alves, Andre Martins, Ayoub Hammal, Caio Corro, CELINE HUDELOT, Emmanuel Malherbe, Etienne Malaboeuf, Fanny Jourdan, Gabriel Hautreux, João Alves, Kevin El Haddad, Manuel Faysse, Maxime Peyrard, Nuno M Guerreiro, Patrick Fernandes, Ricardo Rei, Pierre Colombo"
Agent-Gym: Procedural Environment Generation and Hybrid Verifiers for Scaling Open-Weights SWE Agents,"Naman Jain, Jaskirat Singh, Manish Shetty, Tianjun Zhang, Liang Zheng, Koushik Sen, Ion Stoica"
Do Biased Models Have Biased Thoughts?,"Swati Rajwal, Shivank Garg, Reem Abdel-Salam, Abdelrahman Zayed"
Scaling Web Agent Training through Automatic Data Generation and Fine-grained Evaluation,"Lajanugen Logeswaran, Jaekyeom Kim, Sungryull Sohn, Creighton Glasscock, Honglak Lee"
MLGym: A New Framework and Benchmark for Advancing AI Research Agents,"Deepak Nathani, Lovish Madaan, Nicholas Roberts, Nikolay Bashlykov, Ajay Menon, Vincent Moens, Mikhail Plekhanov, Amar Budhiraja, Despoina Magka, Vladislav Vorotilov, Gaurav Chaurasia, Dieuwke Hupkes, Ricardo Silveira Cabral, Tatiana Shavrina, Jakob Nicolaus Foerster, Yoram Bachrach, William Yang Wang, Roberta Raileanu"
Understanding the Uncertainty of LLM Explanations: A Perspective Based on Reasoning Topology,"Longchao Da, Xiaoou Liu, Jiaxin Dai, Lu Cheng, Yaqing Wang, Hua Wei"
"AIR: A Systematic Analysis of Annotations, Instructions, and Response Pairs in Preference Dataset","Bingxiang He, Wenbin Zhang, Jiaxi Song, Cheng Qian, Zixuan Fu, Bowen Sun, Ning Ding, Haiwen Hong, Longtao Huang, Hui Xue, Ganqu Cui, Wanxiang Che, Zhiyuan Liu, Maosong Sun"
LoRI: Reducing Cross-Task Interference in Multi-Task Low-Rank Adaptation,"Juzheng Zhang, Jiacheng You, Ashwinee Panda, Tom Goldstein"
(Im)possibility of Automated Hallucination Detection in Large Language Models,"Amin Karbasi, Omar Montasser, John Sous, Grigoris Velegkas"
Retrieval-Augmented Generation with Conflicting Evidence,"Han Wang, Archiki Prasad, Elias Stengel-Eskin, Mohit Bansal"
"How Post-Training Reshapes LLMs: A Mechanistic View on Knowledge, Truthfulness, Refusal, and Confidence","Hongzhe Du, Weikai Li, Min Cai, Karim Saraipour, Zimin Zhang, Himabindu Lakkaraju, Yizhou Sun, Shichang Zhang"
Goedel-Prover: A Frontier Model for Open-Source Automated Theorem Proving,"Yong Lin, Shange Tang, Bohan Lyu, Jiayun Wu, Hongzhou Lin, Kaiyu Yang, Jia LI, Mengzhou Xia, Danqi Chen, Sanjeev Arora, Chi Jin"
You Cannot Feed Two Birds with One Score: the Accuracy-Naturalness Tradeoff in Translation,"Gergely Flamich, David Vilar, Jan-Thorsten Peter, Markus Freitag"
FacTool: Factuality Detection in Generative AI -- A Tool Augmented Framework for Multi-Task and Multi-Domain Scenarios,"Ethan Chern, Steffi Chern, Shiqi Chen, Weizhe Yuan, Kehua Feng, Chunting Zhou, Junxian He, Graham Neubig, Pengfei Liu"
Stuffed Mamba: Oversized States Lead to the Inability to Forget,"Yingfa Chen, Xinrong Zhang, Shengding Hu, Xu Han, Zhiyuan Liu, Maosong Sun"
Reverse-engineering NLI: A study of the meta-inferential properties of Natural Language Inference,"Rasmus Blanck, Bill Noble, Stergios Chatzikyriakidis"
Model-Agnostic Policy Explanations with Large Language Models,"Zhang Xi-Jia, Yue Guo, Shufei Chen, Simon Stepputtis, Matthew Craig Gombolay, Katia P. Sycara, Joseph Campbell"
"ThoughtTerminator: Benchmarking, Calibrating, and Mitigating Overthinking in Reasoning Models","Sophia Xiao Pu, Michael Saxon, Wenyue Hua, William Yang Wang"
BlockFFN: Towards End-Side Acceleration-Friendly Mixture-of-Experts with Chunk-Level Activation Sparsity,"Chenyang Song, Weilin Zhao, Xu Han, Chaojun Xiao, Yingfa Chen, Yuxuan Li, Zhiyuan Liu, Maosong Sun"
Self-Evolving Critique Abilities in Large Language Models,"Zhengyang Tang, Ziniu Li, Zhenyang Xiao, Tian Ding, Ruoyu Sun, Benyou Wang, Dayiheng Liu, Fei Huang, Tianyu Liu, Bowen Yu, Junyang Lin"
Hardware-Efficient Attention for Fast Decoding,"Ted Zadouri, Hubert Strauss, Tri Dao"
LongCodeBench: Evaluating Coding LLMs at 1M Context Windows,"Stefano Rando, Luca Romani, Alessio Sampieri, Luca Franco, John Yang, Yuta Kyuragi, Fabio Galasso, Tatsunori Hashimoto"
LLMs Are In-Context Bandit Reinforcement Learners,"Giovanni Monea, Antoine Bosselut, Kianté Brantley, Yoav Artzi"
Critique Fine-Tuning: Learning to Critique is More Effective than Learning to Imitate,"Yubo Wang, Xiang Yue, Wenhu Chen"
$100K or 100 Days: Trade-offs when Pre-Training with Academic Resources,"Apoorv Khandelwal, Tian Yun, Nihal V. Nayak, Jack Merullo, Stephen Bach, Chen Sun, Ellie Pavlick"
Learning Adaptive Parallel Search in Language,"Jiayi Pan, Xiuyu Li, Long Lian, Charlie Victor Snell, Yifei Zhou, Adam Yala, Trevor Darrell, Kurt Keutzer, Alane Suhr"
Analyzing Multilingualism in Large Language Models with Sparse Autoencoders,"Ikhyun Cho, Julia Hockenmaier"
"When To Solve, When To Verify: Compute-Optimal Problem Solving and Generative Verification for LLM Reasoning","Nishad Singhi, Hritik Bansal, Arian Hosseini, Aditya Grover, Kai-Wei Chang, Marcus Rohrbach, Anna Rohrbach"
Exposing and Patching the Flaws of Large Language Models in Social Character Simulation,"Yue Huang, Zhengqing Yuan, Yujun Zhou, Kehan Guo, Xiangqi Wang, Haomin Zhuang, Weixiang Sun, Lichao Sun, Jindong Wang, Yanfang Ye, Xiangliang Zhang"
REFA: Reference Free Alignment for Multi-preference Optimization,"Taneesh Gupta, Rahul Madhavan, Xuchao Zhang, Chetan Bansal, Saravan Rajmohan"
Impact of LLM Alignment on Impression Formation in Social Interactions,"Ala N. Tak, Anahita Bolourani, Daniel B. Shank, Jonathan Gratch"
FineMedLM-o1: Enhancing Medical Knowledge Reasoning Ability of LLM from Supervised Fine-Tuning to Test-Time Training,"hongzhou yu, Tianhao Cheng, Yingwen Wang, Wen He, Qing Wang, Ying Cheng, Yuejie Zhang, Rui Feng, Xiaobo Zhang"
Open-Qwen2VL: Compute-Efficient Pre-Training of Fully-Open Multimodal LLMs on Academic Resources,"Weizhi Wang, Yu Tian, Linjie Yang, Heng Wang, Xifeng Yan"
Society of Mind Meets Real-Time Strategy: A Hierarchical Multi-Agent Framework for Strategic Reasoning,"Daechul Ahn, San Kim, Jonghyun Choi"
BiXSE: Improving Dense Retrieval via Probabilistic Graded Relevance Distillation,"Christos Tsirigotis, Vaibhav Adlakha, Joao Monteiro, Aaron Courville, Perouz Taslakian"
DualEdit: Dual Editing for Knowledge Updating in Vision-Language Models,"Zhiyi Shi, Binjie Wang, Chongjie Si, Yichen Wu, Junsik Kim, Hanspeter Pfister"
Teach Old SAEs New Domain Tricks with Boosting,"Nikita Koriagin, Yaroslav Aksenov, Daniil Laptev, Gleb Gerasimov, Nikita Balagansky, Daniil Gavrilov"
CITER: Collaborative Inference for Efficient Large Language Model Decoding with Token-Level Routing,"Wenhao Zheng, Yixiao Chen, Weitong Zhang, Souvik Kundu, Yun Li, Zhengzhong Liu, Eric Xing, Hongyi Wang, Huaxiu Yao"
Language Agents Mirror Human Causal Reasoning Biases. How Can We Help Them Think Like Scientists?,"Anthony GX-Chen, Dongyan Lin, Mandana Samiei, Doina Precup, Blake Aaron Richards, Rob Fergus, Kenneth Marino"
Local Mixtures of Experts: Essentially Free Test-Time Training via Model Merging,"Ryo Bertolissi, Jonas Hübotter, Ido Hakimi, Andreas Krause"
SpectR: Dynamically Composing LM Experts with Spectral Routing,"William Fleshman, Benjamin Van Durme"
Pairwise or Pointwise? Evaluating Feedback Protocols for Bias in LLM-Based Evaluation,"Tuhina Tripathi, Manya Wadhwa, Greg Durrett, Scott Niekum"
More is Less: The Pitfalls of Multi-Model Synthetic Preference Data in DPO Safety Alignment,"Yifan Wang, Runjin Chen, Bolian Li, David Cho, Yihe Deng, Ruqi Zhang, Tianlong Chen, Zhangyang Wang, Ananth Grama, Junyuan Hong"
HIPPO-VIDEO : Simulating Watch Histories with Large Language Models for History-Driven Video Highlighting,"Jeongeun Lee, Youngjae Yu, Dongha Lee"
E$^2$-RAG: Towards Editable Efficient RAG by Editing Compressed KV Caches,"Tongxu Luo, Wenyu Du, HanWen Hao, Min Zhang, Hao Yang, Benyou Wang"
The role of language and concepts in LM–brain alignment,"Maria Ryskina, Greta Tuckute, Alexander Fung, Ashley Malkin, Evelina Fedorenko"
Guided Reasoning in LLM-Driven Penetration Testing Using Structured Attack Trees,"Katsuaki Nakano, Reza Fayyazi, Shanchieh Yang, Michael Zuzak"
SciReplicate-Bench: Benchmarking LLMs in Agent-driven Algorithmic Reproduction from Research Papers,"Yanzheng Xiang, Hanqi Yan, Shuyin Ouyang, Lin Gui, Yulan He"
ParaPO: Aligning Language Models to Reduce Verbatim Reproduction of Pre-training Data,"Tong Chen, Faeze Brahman, Jiacheng Liu, Niloofar Mireshghallah, Weijia Shi, Pang Wei Koh, Luke Zettlemoyer, Hannaneh Hajishirzi"
Reinforcement Learning Enhanced Full-Duplex Spoken Dialogue Language Models for Conversational Interactions,"Chen Chen, Ke Hu, Chao-Han Huck Yang, Ankita Pasad, Edresson Casanova, Weiqing Wang, Szu-Wei Fu, Jason Li, Zhehuai Chen, Jagadeesh Balam, Boris Ginsburg"
$\mu$KE: Matryoshka Unstructured Knowledge Editing of Large Language Models,"Zian Su, Ziyang Huang, Kaiyuan Zhang, Xiangyu Zhang"
PersonaEval: Are LLM Evaluators Human Enough to Judge Role-Play?,"Lingfeng Zhou, Jialing Zhang, Jin Gao, Mohan Jiang, Dequan Wang"
The Delta Learning Hypothesis: Preference Tuning on Weak Data can Yield Strong Gains,"Scott Geng, Hamish Ivison, Chun-Liang Li, Maarten Sap, Jerry Li, Ranjay Krishna, Pang Wei Koh"
Tulu 3: Pushing Frontiers in Open Language Model Post-Training,"Nathan Lambert, Jacob Morrison, Valentina Pyatkin, Shengyi Huang, Hamish Ivison, Faeze Brahman, Lester James Validad Miranda, Alisa Liu, Nouha Dziri, Xinxi Lyu, Yuling Gu, Saumya Malik, Victoria Graf, Jena D. Hwang, Jiangjiang Yang, Ronan Le Bras, Oyvind Tafjord, Christopher Wilhelm, Luca Soldaini, Noah A. Smith, Yizhong Wang, Pradeep Dasigi, Hannaneh Hajishirzi"
D3: A Large Dataset for Training Code Language Models to Act Diff-by-Diff,"Ulyana Piterbarg, Kanishk Gandhi, Lerrel Pinto, Noah Goodman, Rob Fergus"
Can Scaling Test-Time Compute Improve World Foundation Model?,"Wenyan Cong, Hanqing Zhu, Peihao Wang, Bangya Liu, Dejia Xu, Kevin Wang, David Z. Pan, Yan Wang, Zhiwen Fan, Zhangyang Wang"
Putting the Value Back in RL: Better Test-Time Scaling by Unifying LLM Reasoners With Verifiers,"Kusha Sareen, Morgane M Moss, Alessandro Sordoni, Arian Hosseini, Rishabh Agarwal"
Higher-Order Binding of Language Model Virtual Personas: a Study on Approximating Political Partisan Misperceptions,"Minwoo Kang, Suhong Moon, Seung Hyeong Lee, Ayush Raj, Joseph Suh, David M. Chan"
Scalable Zeroth-Order Fine-Tuning for Extremely Large Language Models with Limited GPU Memory,"Liangyu Wang, Jie Ren, Hang Xu, Junxiao Wang, Huanyi Xie, David E. Keyes, Di Wang"
HAICOSYSTEM: An Ecosystem for Sandboxing Safety Risks in Interactive AI Agents,"Xuhui Zhou, Hyunwoo"
Towards User-level Private Reinforcement Learning with Human Feedback,"David Heineman, Xiaofeng Wu, Wei Xu"
"How Multimodal LLMs Solve Image Tasks: A Lens on Visual Grounding, Task Reasoning, and Answer Decoding","Jiaming Zhang, Mingxi Lei, Meng Ding, Mengdi Li, Zihang Xiang, Difei Xu, Jinhui Xu, Di Wang"
CALLME: Call Graph Augmentation with Large Language Models for Javascript,"Zhuoran Yu, Yong Jae Lee"
VideoSAVi: Self-Aligned Video Language Models without Human Supervision,"Yogesh Kulkarni, Pooyan Fazli"
AutoScale: Scale-Aware Data Mixing for Pre-Training LLMs,"Feiyang Kang, Yifan Sun, Bingbing Wen, Si Chen, Dawn Song, Rafid Mahmood, Ruoxi Jia"
Correctness-Guaranteed Code Generation via Constrained Decoding,"Lingxiao Li, salar rahili, Yiwei Zhao"
PolyGuard: A Multilingual Safety Moderation Tool for 17 Languages,"Priyanshu Kumar, Devansh Jain, Akhila Yerukola, Liwei Jiang, Himanshu Beniwal, Thomas Hartvigsen, Maarten Sap"
Traceable and Explainable Multimodal Large Language Models: An Information-Theoretic View,"Zihan Huang, Junda Wu, Rohan Surana, Raghav Jain, Tong Yu, Raghavendra Addanki, David Arbour, Sungchul Kim, Julian McAuley"
LawFlow : Collecting and Simulating Lawyers' Thought Processes,"Debarati Das, Khanh Chi Le, Ritik Sachin Parkar, Karin De Langis, Brendan Madson, Chad M. Berryman, Robin M Willis, Daniel H Moses, Brett McDonnell, Daniel Schwarcz, Dongyeop Kang"
Adaptive Layer-skipping in Pre-trained LLMs,"Xuan Luo, Weizhi Wang, Xifeng Yan"
NoveltyBench: Evaluating Creativity and Diversity in Language Models,"Yiming Zhang, Harshita Diddee, Susan Holm, Hanchen Liu, Xinyue Liu, Vinay Samuel, Barry Wang, Daphne Ippolito"
Rhapsody: A Dataset for Highlight Detection in Podcasts,"Younghan Park, Anuj Diwan, David Harwath, Eunsol Choi"
Spike No More: Stabilizing the Pre-training of Large Language Models,"Sho Takase, Shun Kiyono, Sosuke Kobayashi, Jun Suzuki"
LLM-based Multi-Agents System Attack via Continuous Optimization with Discrete Efficient Search,"Weichen Yu, Kai Hu, Tianyu Pang, Chao Du, Min Lin, Matt Fredrikson"
Investigating Intersectional Bias in Large Language Models using Confidence Disparities in Coreference Resolution,"Falaah Arif Khan, Nivedha Sivakumar, Yinong Oliver Wang, Katherine Metcalf, Cezanne Camacho, Barry-John Theobald, Luca Zappella, Nicholas Apostoloff"
"How do language models learn facts? Dynamics, curricula and hallucinations","Nicolas Zucchet, Jörg Bornschein, Stephanie C.Y. Chan, Andrew Kyle Lampinen, Razvan Pascanu, Soham De"
Exploring the Limit of Outcome Reward for Learning Mathematical Reasoning,"Chengqi Lyu, Songyang Gao, Yuzhe Gu, Wenwei Zhang, Jianfei Gao, Kuikun Liu, Ziyi Wang, Shuaibin Li, Qian Zhao, Haian Huang, Weihan Cao, Jiangning Liu, Hongwei Liu, Junnan Liu, Songyang Zhang, Dahua Lin, Kai Chen"
Training Plug-and-Play Knowledge Modules with Deep Context Distillation,"Lucas Caccia, Alan Ansell, Edoardo Ponti, Ivan Vulić, Alessandro Sordoni"
SUV: Scalable Large Language Model Copyright Compliance with Regularized Selective Unlearning,"Tianyang Xu, Xiaoze Liu, Feijie Wu, Xiaoqian Wang, Jing Gao"
M²IV: Towards Efficient and Fine-grained Multimodal In-Context Learning in Large Vision-Language Models,"Yanshu Li, Hongyang He, Yi Cao, Qisen Cheng, Xiang Fu, Xi Xiao, Tianyang Wang, Ruixiang Tang"
Learning to Generate Unit Tests for Automated Debugging,"Archiki Prasad, Elias Stengel-Eskin, Justin Chen, Zaid Khan, Mohit Bansal"
MixAssist: An Audio-Language Dataset for Co-Creative AI Assistance in Music Mixing,"Michael Paul Clemens, Ana Marasovic"
SEAL: Steerable Reasoning Calibration of Large Language Models for Free,"Runjin Chen, Zhenyu Zhang, Junyuan Hong, Souvik Kundu, Zhangyang Wang"
CASCADE Your Datasets for Cross-Mode Knowledge Retrieval of Language Models,"Runlong Zhou, Yi Zhang"
Can A Society of Generative Agents Simulate Human Behavior and Inform Public Health Policy? A Case Study on Vaccine Hesitancy,"Abe Bohan Hou, Hongru Du, Yichen Wang, Jingyu Zhang, Zixiao Wang, Paul Pu Liang, Daniel Khashabi, Lauren M Gardner, Tianxing He"
Streaming DiLoCo with overlapping communication,"Arthur Douillard, Yani Donchev, J Keith Rush, Satyen Kale, Zachary Charles, Gabriel Teston, Zachary Garrett, Jiajun Shen, Ross McIlroy, David Lacey, Alexandre Rame, Arthur Szlam, MarcAurelio Ranzato, Paul R Barham"
AI-Slop to AI-Polish? Aligning Language Models through Edit-Based Writing Rewards and Test-time computation,"Tuhin Chakrabarty, Philippe Laban, Chien-Sheng Wu"
Exploring Sparse Adapters for Scalable Merging of Parameter Efficient Experts,"Samin Yeasar Arnob, Zhan Su, Minseon Kim, Oleksiy Ostapenko, Riyasat Ohib, Esra'a Saleh, Doina Precup, Lucas Caccia, Alessandro Sordoni"
Hell or High Water: Can Language Model Agents Formulate Backup Plans?,"Andrew Wang, Sophia Hager, Adi Asija, Daniel Khashabi, Nicholas Andrews"
On the Effectiveness and Generalization of Race Representations for Debiasing High-Stakes Decisions,"Dang Nguyen, Chenhao Tan"
Supposedly Equivalent Facts That Aren’t? Entity Frequency in Pre-training Induces Asymmetry in LLMs,"Yuan He, Bailan He, Zifeng Ding, Alisia Maria Lupidi, Yuqicheng Zhu, Shuo Chen, Caiqi Zhang, Jiaoyan Chen, Yunpu Ma, Volker Tresp, Ian Horrocks"
HyperINF: Unleashing the HyperPower of Schulz's Method for Data Influence Estimation,"Xinyu Zhou, Simin Fan, Martin Jaggi"
Shared Global and Local Geometry of Language Model Embeddings,"Andrew Lee, Melanie Weber, Fernanda Viégas, Martin Wattenberg"
EvalTree: Profiling Language Model Weaknesses via Hierarchical Capability Trees,"Zhiyuan Zeng, Yizhong Wang, Hannaneh Hajishirzi, Pang Wei Koh"
Cascade Reward Sampling for Efficient Decoding-Time Alignment,"Bolian Li, Yifan Wang, Anamika Lochab, Ananth Grama, Ruqi Zhang"
Task-Circuit Quantization: Leveraging Knowledge Localization and Interpretability for Compression,"Hanqi Xiao, Yi-Lin Sung, Elias Stengel-Eskin, Mohit Bansal"
Recycling the Web: A Method to Enhance Pre-training Data Quality and Quantity for Language Models,"Thao Nguyen, Yang Li, Olga Golovneva, Luke Zettlemoyer, Sewoong Oh, Ludwig Schmidt, Xian Li"
Energy-Based Reward Models for Robust Language Model Alignment,"Anamika Lochab, Ruqi Zhang"
Values in the Wild: Discovering and Mapping Values in Real-World Language Model Interactions,"Saffron Huang, Esin DURMUS, Kunal Handa, Miles McCain, Alex Tamkin, Michael Stern, Jerry Hong, Deep Ganguli"
Backdoor Attacks on Dense Passage Retrievers for Disseminating Misinformation,"Quanyu Long, Yue Deng, Leilei Gan, Wenya Wang, Sinno Jialin Pan"
MegaMath: Pushing the Limits of Open Math Corpora,"Fan Zhou, Zengzhi Wang, Nikhil Ranjan, Zhoujun Cheng, Liping Tang, Guowei He, Zhengzhong Liu, Eric Xing"
SPIN-Bench: How Well Do LLMs Plan Strategically and Reason Socially?,"Jianzhu Yao, Kevin Wang, Ryan Hsieh, Haisu Zhou, Tianqing Zou, Zerui Cheng, Zhangyang Wang, Pramod Viswanath"
Plancraft: an evaluation dataset for planning with LLM agents,"Gautier Dagan, Frank Keller, Alex Lascarides"
Exploring Large Language Model Agents for Piloting Social Experiments,"Jinghua Piao, Yuwei Yan, Nian Li, Jun Zhang, Yong Li"
EnrichIndex: Using LLMs to Enrich Retrieval Indices Offline,"Peter Baile Chen, Tomer Wolfson, Mike Cafarella, Dan Roth"
Can Performant LLMs Be Ethical? Quantifying the Impact of Web Crawling Opt-Outs,"Dongyang Fan, Vinko Sabolčec, Ayush Kumar Tarun, Matin Ansaripour, Imanol Schlag, Antoine Bosselut, Martin Jaggi"
Resona: Improving Context Copying in Linear Recurrence Models with Retrieval,"Xinyu Wang, Linrui Ma, Jerry Huang, Peng Lu, Prasanna Parthasarathi, Xiao-Wen Chang, Boxing Chen, Yufei Cui"
A Survey on Personalized and Pluralistic Preference Alignment in Large Language Models,"Zhouhang Xie, Junda Wu, Yiran Jenny Shen, Raghav Jain, Yu Xia, Xintong Li, Aaron Chang, Ryan A. Rossi, Tong Yu, Sachin Kumar, Bodhisattwa Prasad Majumder, Jingbo Shang, Prithviraj Ammanabrolu, Julian McAuley"
Pretraining on the Test Set Is No Longer All You Need: A Debate-Driven Approach to QA Benchmarks,"Linbo Cao, Jinman Zhao"
Inducing Programmatic Skills for Agentic Tasks,"Zora Zhiruo Wang, Apurva Gandhi, Graham Neubig, Daniel Fried"
SentenceKV: Efficient LLM Inference via Sentence-Level Semantic KV Caching,"Yuxuan Zhu, Ali Falahati, David H. Yang, Mohammad Mohammadi Amiri"
FineWeb2: One Pipeline to Scale Them All — Adapting Pre-Training Data Processing to Every Language,"Guilherme Penedo, Hynek Kydlíček, Vinko Sabolčec, Bettina Messmer, Negar Foroutan, Amir Hossein Kargaran, Colin Raffel, Martin Jaggi, Leandro Von Werra, Thomas Wolf"
MuSeD: A Multimodal Spanish Dataset for Sexism Detection in Social Media Videos,"Laura De Grazia, Pol Pastells, Mauro Vázquez Chas, Desmond Elliott, Danae Sanchez Villegas, Mireia Farrús, Mariona Taulé Delor"
AgentRewardBench: Evaluating Automatic Evaluations of Web Agent Trajectories,"Xing Han Lù, Amirhossein Kazemnejad, Nicholas Meade, Arkil Patel, Dongchan Shin, Alejandra Zambrano, Karolina Stanczak, Peter Shaw, Christopher Pal, Siva Reddy"
UTF-8 Plumbing: Resolving Leaky Abstractions in Unicode for Subword Tokenization,"Preston Firestone, Shubham Ugare, Gagandeep Singh, Sasa Misailovic"
RADLADS: Rapid Attention Distillation to Linear Attention Decoders at Scale,"Daniel Goldstein, Eric Alcaide, Janna Lu, Eugene Cheah"
Refusal Tokens: A Simple Way to Calibrate Refusals in Large Language Models,"Neel Jain, Aditya Shrivastava, Chenyang Zhu, Daben Liu, Alfy Samuel, Ashwinee Panda, Anoop Kumar, Micah Goldblum, Tom Goldstein"
Don’t lie to your friends: Learning what you know from collaborative self-play,"Jacob Eisenstein, Reza Aghajani, Adam Fisch, Dheeru Dua, Fantine Huot, Mirella Lapata, Vicky Zayats, Jonathan Berant"
"Know Me, Respond to Me: Benchmarking LLMs for Dynamic User Profiling and Personalized Responses at Scale","Bowen Jiang, Zhuoqun Hao, Young Min Cho, Bryan Li, Yuan Yuan, Sihao Chen, Lyle Ungar, Camillo Jose Taylor, Dan Roth"
A Comprehensive Overhaul of Parameter-Efficient Knowledge Unlearning for LLMs,"Yejin Kim, Eunwon Kim, Buru Chang, Junsuk Choe"
MS-SSM: A Multi-Scale State Space Model for Efficient Sequence Modeling,"Mahdi Karami, Ali Behrouz, Peilin Zhong, Razvan Pascanu, Vahab Mirrokni"
Layers at Similar Depths Generate Similar Activations Across LLM Architectures,"Christopher Wolfram, Aaron Schein"
Context-Adaptive Multi-Prompt Embedding with Large Language Models for Vision-Language Alignment,"Dahun Kim, Anelia Angelova"
Evaluating the Diversity and Quality of LLM Generated Content,"Alexander Shypula, Shuo Li, Botong Zhang, Vishakh Padmakumar, Kayo Yin, Osbert Bastani"
CoLa - Learning to Interactively Collaborate with Large Language Models,"Abhishek Sharma, Dan Goldwasser"
Detecting and Pruning Prominent but Detrimental Neurons in Large Language Models,"Ameen Ali Ali, Shahar Katz, Lior Wolf, Ivan Titov"
Visual Representations inside the Language Model,"Benlin Liu, Amita Kamath, Madeleine Grunde-McLaughlin, Winson Han, Ranjay Krishna"
LV-Eval: A Balanced Long-Context Benchmark with 5 Length Levels Up to 256K,"Tao Yuan, Xuefei Ning, Dong Zhou, Zhijie Yang, Shiyao Li, Minghui Zhuang, Zheyue Tan, Zhuyu Yao, Dahua Lin, Boxun Li, Guohao Dai, Shengen Yan, Yu Wang"
SpecDec++: Boosting Speculative Decoding via Adaptive Candidate Lengths,"Kaixuan Huang, Xudong Guo, Mengdi Wang"
"Task Vectors in In-Context Learning: Emergence, Formation, and Benefits","Liu Yang, Ziqian Lin, Kangwook Lee, Dimitris Papailiopoulos, Robert D Nowak"
SlowFast-LLaVA-1.5: A Family of Token-Efficient Video Large Language Models for Long-Form Video Understanding,"Mingze Xu, Mingfei Gao, Shiyu Li, Jiasen Lu, Zhe Gan, Zhengfeng Lai, Meng Cao, Kai Kang, Yinfei Yang, Afshin Dehghan"
One Equals Many: Model Collaboration for Efficient Reasoning,"Jianshu She, Zhuohao Li, Zhemin Huang, Qi Li, Peiran Xu, Haonan Li, Qirong Ho"
MapIQ: Evaluating Multimodal Large Language Models for Map Question Answering,"Varun Srivastava, Fan Lei, Srija Mukhopadhyay, Vivek Gupta, Ross Maciejewski"
SmolLM2: When Smol Goes Big — Data-Centric Training of a Fully Open Small Language Model,"Loubna Ben allal, Anton Lozhkov, Elie Bakouch, Gabriel Martin Blazquez, Guilherme Penedo, Lewis Tunstall, Andrés Marafioti, Agustín Piqueres Lajarín, Hynek Kydlíček, Vaibhav Srivastav, Joshua Lochner, Caleb Fahlgren, Xuan Son NGUYEN, Ben Burtenshaw, Clémentine Fourrier, Haojun Zhao, Hugo Larcher, Mathieu Morlon, Cyril Zakka, Colin Raffel, Leandro Von Werra, Thomas Wolf"
Partial Perspectives: How LLMs Handle Logically Inconsistent Knowledge in Reasoning Tasks,"Zichao Li, Ines Arous, Jackie CK Cheung"
DEL: Context-Aware Dynamic Exit Layer for Efficient Self-Speculative Decoding,"Hossein Entezari Zarch, Lei Gao, Chaoyi Jiang, Murali Annavaram"
NoWag: A Unified Framework for Shape Preserving Compression of Large Language Models,"Lawrence Liu, Inesh Chakrabarti, Yixiao Li, Mengdi Wang, Tuo Zhao, Lin F. Yang"
The Zero Body Problem: Probing LLM Use of Sensory Language,"Rebecca M. M. Hicke, Sil Hamilton, David Mimno"
Beyond Blanket Masking: Examining Granularity for Privacy Protection in Images Captured by Blind and Low Vision Users,"Jeffri Murrugarra-Llerena, Haoran Niu, K. Suzanne Barber, Hal Daumé III, Yang Trista Cao, Paola Cascante-Bonilla"
Scaling Analysis of Interleaved Speech-Text Language Models,"Gallil Maimon, Michael Hassid, Amit Roth, Yossi Adi"
CultureCLIP: Empowering CLIP with Cultural Awareness through Synthetic Images and Contextualized Captions,"Yuchen Huang, Zhiyuan Fan, Zhitao He, Sandeep Polisetty, Wenyan Li, Yi R. Fung"
ReLeak: RL-based Red-teaming for LLM Privacy Leakage,"Yuzhou Nie, Zhun Wang, Ye Yu, Xian Wu, Xuandong Zhao, Nathaniel D. Bastian, Wenbo Guo, Dawn Song"
Zero-shot Benchmarking: A Framework for Flexible and Scalable Automatic Evaluation of Language Models,"José Pombal, Nuno M Guerreiro, Ricardo Rei, Andre Martins"
One-shot Optimized Steering Vectors Mediate Safety-relevant Behaviors in LLMs,"Jacob Dunefsky, Arman Cohan"
LLM Unlearning Without an Expert Curated Dataset,"Xiaoyuan Zhu, Muru Zhang, Ollie Liu, Robin Jia, Willie Neiswanger"
ADAPT: Actively Discovering and Adapting to Preferences for any Task,"Maithili Patel, Xavier Puig, Ruta Desai, Roozbeh Mottaghi, Sonia Chernova, Joanne Truong, Akshara Rai"
Sharpe Ratio-Guided Active Learning for Preference Optimization in RLHF,"Syrine Belakaria, Joshua Kazdan, Charles Marx, Chris Cundy, Willie Neiswanger, Sanmi Koyejo, Barbara Engelhardt, Stefano Ermon"
MeMAD: Structured Memory of Debates for Enhanced Multi-Agent Reasoning,"Shuai Ling, Lizi Liao, Dongmei Jiang, Weili Guan"
Resource-efficient Inference with Foundation Model Programs,"Lunyiu Nie, Zhimin Ding, Kevin Yu, Marco Cheung, Chris Jermaine, Swarat Chaudhuri"
Have Large Language Models Learned to Reason? A Characterization via 3-SAT,RISHI HAZRA
CultureCLIP: Empowering CLIP with Cultural Awareness through Synthetic Images and Contextualized Captions,"Michael Hassid, Amit Roth, Yossi Adi"
ReLeak: RL-based Red-teaming for LLM Privacy Leakage,"Yuzhou Nie, Zhun Wang, Ye Yu, Xian Wu, Xuandong Zhao, Nathaniel D. Bastian, Wenbo Guo, Dawn Song"
Zero-shot Benchmarking: A Framework for Flexible and Scalable Automatic Evaluation of Language Models,"José Pombal, Nuno M Guerreiro, Ricardo Rei, Andre Martins"
One-shot Optimized Steering Vectors Mediate Safety-relevant Behaviors in LLMs,"Jacob Dunefsky, Arman Cohan"
LLM Unlearning Without an Expert Curated Dataset,"Xiaoyuan Zhu, Muru Zhang, Ollie Liu, Robin Jia, Willie Neiswanger"
ADAPT: Actively Discovering and Adapting to Preferences for any Task,"Maithili Patel, Xavier Puig, Ruta Desai, Roozbeh Mottaghi, Sonia Chernova, Joanne Truong, Akshara Rai"
Sharpe Ratio-Guided Active Learning for Preference Optimization in RLHF,"Syrine Belakaria, Joshua Kazdan, Charles Marx, Chris Cundy, Willie Neiswanger, Sanmi Koyejo, Barbara Engelhardt, Stefano Ermon"
MeMAD: Structured Memory of Debates for Enhanced Multi-Agent Reasoning,"Shuai Ling, Lizi Liao, Dongmei Jiang, Weili Guan"
Resource-efficient Inference with Foundation Model Programs,"Lunyiu Nie, Zhimin Ding, Kevin Yu, Marco Cheung, Chris Jermaine, Swarat Chaudhuri"
Have Large Language Models Learned to Reason? A Characterization via 3-SAT,"RISHI HAZRA, Gabriele Venturato, Pedro Zuidberg Dos Martires, Luc De Raedt"
Meta-Learning for Speeding Up Large Model Inference in Decentralized Environments,"Yipeng Du, Zihao Wang, Ahmad Farhan, Claudio Angione, Harry Yang, Fielding Johnston, James P. Buban, Yuzhe Yang"
Efficient Construction of Model Family through Progressive Training Using Model Expansion,"Kazuki Yano, Sho Takase, Sosuke Kobayashi, Shun Kiyono, Jun Suzuki"
Probing then Editing Response Personality of Large Language Models,"Tianjie Ju, Zhenyu Shao, Bowen Wang, Yujia Chen, Zhuosheng Zhang, Hao Fei, Mong-Li Lee, Wynne Hsu, Sufeng Duan, Gongshen Liu"
Out-of-Distribution Detection using Synthetic Data Generation,"Momin Abbas, Muneeza Azmat, Raya Horesh, Mikhail Yurochkin"
Defending LLM Watermarking Against Spoofing Attacks with Contrastive Representation Learning,"Li An, Yujian Liu, Yepeng Liu, Yang Zhang, Yuheng Bu, Shiyu Chang"
Benchmarking Retrieval-Augmented Generation for Chemistry,"Xianrui Zhong, Bowen Jin, Siru Ouyang, Yanzhen Shen, Qiao Jin, Yin Fang, Zhiyong Lu, Jiawei Han"
Scaling Laws of Synthetic Data for Language Model,"Zeyu Qin, Qingxiu Dong, Xingxing Zhang, Li Dong, Xiaolong Huang, Ziyi Yang, MAHMOUD KHADEMI, Dongdong Zhang, Hany Hassan Awadalla, Yi R. Fung, Weizhu Chen, Minhao Cheng, Furu Wei"
Can Large Language Models Integrate Spatial Data? Empirical Insights into Reasoning Strengths and Computational Weaknesses,"Bin Han, Robert Wolfe, Anat Caspi, Bill Howe"
"Steering the CensorShip: Uncovering Representation Vectors for LLM ""Thought"" Control","Hannah Cyberey, David Evans"
Law of Vision Representation in MLLMs,"Shijia Yang, Bohan Zhai, Quanzeng You, Jianbo Yuan, Hongxia Yang, Chenfeng Xu"
Can a Crow Hatch a Falcon? Lineage Matters in Predicting Large Language Model Performance,"Takuya Tamura, Taro Yano, Masafumi Enomoto, Masafumi Oyamada"
Effective Length Extrapolation via Dimension-Wise Positional Embeddings Manipulation,"Yi Lu, Wanxu Zhao, Xin Zhou, Chenxin An, Chenglong Wang, Shuo Li, Yuming Yang, Jun Zhao, Tao Ji, Tao Gui, Qi Zhang, Xuanjing Huang"
Weak-for-Strong: Training Weak Meta-Agent to Harness Strong Executors,"Fan Nie, Lan Feng, Haotian Ye, Weixin Liang, Pan Lu, Huaxiu Yao, Alexandre Alahi, James Zou"
CrossWordBench: Evaluating the Reasoning Capabilities of LLMs and LVLMs with Controllable Puzzle Generation,"Jixuan Leng, Chengsong Huang, Langlin Huang, Bill Yuchen Lin, William W. Cohen, Haohan Wang, Jiaxin Huang"
SlimMoE: Structured Compression of Large MoE Models via Expert Slimming and Distillation,"Zichong Li, Chen Liang, Zixuan Zhang, Ilgee Hong, Young Jin Kim, Weizhu Chen, Tuo Zhao"
Efficient Process Reward Model Training via Active Learning,"Keyu Duan, Zichen Liu, Xin Mao, Tianyu Pang, Changyu Chen, Qiguang Chen, Michael Qizhe Shieh, Longxu Dou"
Learning to Reason for Long-Form Story Generation,"Alexander Gurung, Mirella Lapata"
Privately Learning from Graphs with Applications in Fine-tuning Large Language Models,"Haoteng Yin, Rongzhe Wei, Eli Chien, Pan Li"
X-Teaming: Multi-Turn Jailbreaks and Defenses with Adaptive Multi-Agents,"Salman Rahman, Liwei Jiang, James Shiffer, Genglin Liu, Sheriff Issaka, Md Rizwan Parvez, Hamid Palangi, Kai-Wei Chang, Yejin Choi, Saadia Gabriel"
Knowledge Graph Retrieval-Augmented Generation via GNN-Guided Prompting,"Haochen Liu, Song Wang, Jundong Li"
Layer-wise Importance Analysis of Feed-Forward Networks in Transformer-based Language Models,"Wataru Ikeda, Kazuki Yano, Ryosuke Takahashi, Jaesung Lee, Keigo Shibata, Jun Suzuki"
RankAlign: A Ranking View of the Generator-Validator Gap in Large Language Models,"Juan Diego Rodriguez, Wenxuan Ding, Katrin Erk, Greg Durrett"
LILAC: Evaluating Personalized and Contextualized Alignment of LLMs from Interactions,"Tae Soo Kim, Yoonjoo Lee, Yoonah Park, Jiho Kim, Young-Ho Kim, Juho Kim"
EvidenceBench: A Benchmark for Extracting Evidence from Biomedical Papers,"Jianyou Wang, Weili Cao, Kaicheng Wang, Xiaoyue Wang, Ashish Dalvi, Gino Prasad, Qishan Liang, Hsuan-lin Her, Mingwang, Qin Yang, Gene W. Yeo, David E Neal, Maxim Khan, Christopher D. Rosin, Ramamohan Paturi, Leon Bergen"
Plato: Plan to Efficient Decode for Large Language Model Inference,"Shuowei Jin, Xueshen Liu, Yongji Wu, Haizhong Zheng, Qingzhao Zhang, Atul Prakash, Matthew Lentz, Danyang Zhuo, Feng Qian, Zhuoqing Mao"
Overflow Prevention Enhances Long-Context Recurrent LLMs,"Assaf Ben-Kish, Itamar Zimerman, Muhammad Jehanzeb Mirza, Lior Wolf, James R. Glass, Leonid Karlinsky, Raja Giryes"
Single-Pass Document Scanning for Question Answering,"Weili Cao, Jianyou Wang, Youze Zheng, Longtian Bao, Qirui Zheng, Taylor Berg-Kirkpatrick, Ramamohan Paturi, Leon Bergen"
Probing Syntax in Large Language Models: Successes and Remaining Challenges,"Pablo J. Diego Simon, Emmanuel Chemla, Jean-Remi King, Yair Lakretz"
Fast Controlled Generation from Language Models with Adaptive Weighted Rejection Sampling,"Ben Lipkin, Benjamin LeBrun, Jacob Hoover Vigly, João Loula, David R. MacIver, Li Du, Jason Eisner, Ryan Cotterell, Vikash Mansinghka, Timothy J. O'Donnell, Alexander K. Lew, Tim Vieira"
Unifying Autoregressive and Diffusion-Based Sequence Generation,"Nima Fathi, Torsten Scholak, Pierre-Andre Noel"
Always Tell Me The Odds: Fine-grained Conditional Probability Estimation,"Liaoyaqi Wang, Zhengping Jiang, Anqi Liu, Benjamin Van Durme"
Base Models Beat Aligned Models at Randomness and Creativity,"Peter West, Christopher Potts"
Both Direct and Indirect Evidence Contribute to Dative Alternation Preferences in Language Models,"Qing Yao, Kanishka Misra, Leonie Weissweiler, Kyle Mahowald"
Overcoming Vocabulary Constraints with Pixel-level Fallback,"Jonas F. Lotz, Hendra Setiawan, Stephan Peitz, Yova Kementchedjhieva"
Cats Confuse Reasoning LLM: Query Agnostic Adversarial Triggers for Reasoning Models,"Meghana Arakkal Rajeev, Rajkumar Ramamurthy, Prapti Trivedi, Vikas Yadav, Oluwanifemi Bamgbose, Sathwik Tejaswi Madhusudhan, James Zou, Nazneen Rajani"
In-Context Occam’s Razor: How Transformers Prefer Simpler Hypotheses on the Fly,"Puneesh Deora, Bhavya Vasudeva, Tina Behnia, Christos Thrampoulidis"
LoRe: Personalizing LLMs via Low-Rank Reward Modeling,"Avinandan Bose, Zhihan Xiong, Yuejie Chi, Simon Shaolei Du, Lin Xiao, Maryam Fazel"
LongProc: Benchmarking Long-Context Language Models on Long Procedural Generation,"Xi Ye, Fangcong Yin, Yinghui He, Joie Zhang, Howard Yen, Tianyu Gao, Greg Durrett, Danqi Chen"
Self-Steering Language Models,"Gabriel Grand, Joshua B. Tenenbaum, Vikash Mansinghka, Alexander K. Lew, Jacob Andreas"
OpinioRAG: Towards Generating User-Centric Opinion Highlights from Large-scale Online Reviews,"Mir Tafseer Nayeem, Davood Rafiei"
LLM Can be a Dangerous Persuader: Empirical Study of Persuasion Safety in Large Language Models,"Minqian Liu, Zhiyang Xu, Xinyi Zhang, Heajun An, Sarvech Qadir, Qi Zhang, Pamela J. Wisniewski, Jin-Hee Cho, Sang Won Lee, Ruoxi Jia, Lifu Huang"
Advancing Language Multi-Agent Learning with Credit Re-Assignment for Interactive Environment Generalization,"Zhitao He, Zijun Liu, Peng Li, Yi R. Fung, Ming Yan, Ji Zhang, Fei Huang, Yang Liu"
Multi-Agent Systems Execute Arbitrary Malicious Code,"Harold Triedman, Rishi Dev Jha, Vitaly Shmatikov"
Enhancing LLM Reliability via Explicit Knowledge Boundary Modeling,"Hang Zheng, Hongshen Xu, Yuncong Liu, Shuai Fan, Lu Chen, Pascale Fung, Kai Yu"
ReasonIR: Training Retrievers for Reasoning Tasks,"Rulin Shao, Rui Qiao, Varsha Kishore, Niklas Muennighoff, Xi Victoria Lin, Daniela Rus, Bryan Kian Hsiang Low, Sewon Min, Wen-tau Yih, Pang Wei Koh, Luke Zettlemoyer"
StagFormer: Time Staggering Decoder only Transformers,"Dylan J Cutler, Arun Kandoor, Nishanth Dikkala, Nikunj Saunshi, Xin Wang, Rina Panigrahy"
Establishing Task Scaling Laws via Compute-Efficient Model Ladders,"Akshita Bhagia, Jiacheng Liu, Alexander Wettig, David Heineman, Oyvind Tafjord, Ananya Harsh Jha, Luca Soldaini, Noah A. Smith, Dirk Groeneveld, Pang Wei Koh, Jesse Dodge, Hannaneh Hajishirzi"
LAVA: Preference Modeling with Latent Value Attributes,"Shuyue Stella Li, Melanie Sclar, Hunter Lang, Ansong Ni, Jacqueline He, Puxin Xu, Andrew Cohen, Chan Young Park, Yulia Tsvetkov"
LoX: Low-Rank Extrapolation Robustifies LLM Safety Against Fine-tuning,"Gabriel Jacob Perin, Runjin Chen, Xuxi Chen, Nina S. T. Hirata, Zhangyang Wang, Junyuan Hong"
Steering Large Language Model Activations in Sparse Spaces,"Reza Bayat, Ali Rahimi-Kalahroudi, Mohammad Pezeshki, Sarath Chandar, Pascal Vincent"
Understanding and Improving Noisy Embedding Techniques in Instruction Finetuning,Abhay Yadav
Bootstrapping Visual Assistant Modeling with Situated Interaction Simulation,"Yichi Zhang, Run Peng, Yinpei Dai, Lingyun Wu, Xuweiyi Chen, Qiaozi Gao, Joyce Chai"
EllieSQL: Cost-Efficient Text-to-SQL with Complexity-Aware Routing,"Yizhang Zhu, Runzhi JIANG, Boyan Li, Nan Tang, Yuyu Luo"
DoomArena: A framework for Testing AI Agents Against Evolving Security Threats,"Léo Boisvert, Abhay Puri, Gabriel Huang, Mihir Bansal, Chandra Kiran Reddy Evuru, Abhay Puri, Gabriel Huang, Mihir Bansal, Chandra Kiran Reddy Evuru, Avinandan Bose, Maryam Fazel, Quentin Cappart, Alexandre Lacoste, Alexandre Drouin, Krishnamurthy Dj Dvijotham"
The Dual-Route Model of Induction,"Sheridan Feucht, Eric Todd, Byron C Wallace, David Bau"
"Planted in Pretraining, Swayed by Finetuning: A Case Study on the Origins of Cognitive Biases in LLMs","Itay Itzhak, Yonatan Belinkov, Gabriel Stanovsky"
Not All Data Are Unlearned Equally,"Aravind Krishnan, Siva Reddy, Marius Mosbach"
AdaptiVocab: Enhancing LLM Efficiency in Focused Domains through Lightweight Vocabulary Adaptation,"Itay Nakash, Nitay Calderon, Eyal Ben-David, Elad Hoffer, Roi Reichart"
ODSum: Benchmarks for Multi-Document Retrieval-Augmented Generation,"Rohan Phanse, Ej Zhou, Kejian Shi, WENCAI ZHANG, Yixin Liu, Yilun Zhao, Arman Cohan"
Cooperation's Price: Do Multi-Agent LLMs Adopt Sanctions to Promote the Greater Good?,"David Guzman Piedrahita, Yongjin Yang, Mrinmaya Sachan, Giorgia Ramponi, Bernhard Schölkopf, Zhijing Jin"
Improving Table Understanding with LLMs and Entity-Oriented Search,"Thi-Nhung Nguyen, Hoang Ngo, Dinh Phung, Thuy-Trang Vu, Dât Quoc Nguyen"
CodeXEmbed: A Generalist Embedding Model Family for Multilingual and Multi-task Code Retrieval,"Ye Liu, Rui Meng, Shafiq Joty, silvio savarese, Caiming Xiong, Yingbo Zhou, Semih Yavuz"
LLM Unlearning Reveals a Stronger-Than-Expected Coreset Effect in Current Benchmarks,"Soumyadeep Pal, Changsheng Wang, James Diffenderfer, Bhavya Kailkhura, Sijia Liu"
From Next-Token to Mathematics: The Learning Dynamics of Mathematical Reasoning in Language Models,"Shubhra Mishra, Gabriel Poesia, Noah Goodman"
Search-R1: Training LLMs to Reason and Leverage Search Engines with Reinforcement Learning,"Bowen Jin, Hansi Zeng, Zhenrui Yue, Jinsung Yoon, Sercan O Arik, Dong Wang, Hamed Zamani, Jiawei Han"
How does Watermarking Affect Visual Language Models in Document Understanding?,"Chunxue Xu, Yiwei Wang, Bryan Hooi, Yujun Cai, Songze Li"
Stop-Think-AutoRegress: Language Modeling with Latent Diffusion Planning,"Justin Lovelace, Christian K Belardi, Sofian Zalouk, Adhitya Polavaram, Srivatsa R Kundurthy, Kilian Q Weinberger"
In-context Ranking Preference Optimization,"Junda Wu, Rohan Surana, Zhouhang Xie, Yiran Jenny Shen, Yu Xia, Tong Yu, Ryan A. Rossi, Prithviraj Ammanabrolu, Julian McAuley"
Control the Temperature: Selective Sampling for Diverse and High-Quality LLM Outputs,"Sergey Troshin, Wafaa Mohammed, Yan Meng, Christof Monz, Antske Fokkens, Vlad Niculae"
Efficient Self-Improvement in Multimodal Large Language Models: A Model-Level Judge-Free Approach,"Shijian Deng, Wentian Zhao, Yu-Jhe Li, Kun Wan, Daniel Miranda, Ajinkya Kale, Yapeng Tian"
Multi-Agent Retrieval-Augmented Framework for Evidence-Based Counterspeech Against Health Misinformation,"Anirban Saha Anik, Xiaoying Song, Elliott Wang, Bryan Wang, Bengisu Yarimbas, Lingzi Hong"
SuperBPE: Space Travel for Language Models,"Alisa Liu, Jonathan Hayase, Valentin Hofmann, Sewoong Oh, Noah A. Smith, Yejin Choi"
One ruler to measure them all: Benchmarking multilingual long-context language models,"Yekyung Kim, Jenna Russell, Marzena Karpinska, Mohit Iyyer"
Multi-Agent Verification: Scaling Test-Time Compute with Multiple Verifiers,"Shalev Lifshitz, Sheila A. McIlraith, Yilun Du"
"AnonModel: Pareto-Optimal, Fully Open Language Modeling","Evan Pete Walsh, Luca Soldaini, Dirk Groeneveld, Kyle Lo, Shane Arora, Akshita Bhagia, Yuling Gu, Shengyi Huang, Matt Jordan, Nathan Lambert, Dustin Schwenk, Oyvind Tafjord, Taira Anderson, David Atkinson, Faeze Brahman, Christopher Clark, Pradeep Dasigi, Nouha Dziri, Allyson Ettinger, Michal Guerquin, David Heineman, Hamish Ivison, Pang Wei Koh, Jiacheng Liu, Saumya Malik, William Merrill, Lester James Validad Miranda, Jacob Morrison, Tyler Murray, Crystal Nam, Jake Poznanski, Valentina Pyatkin, Aman Rangapur, Michael Schmitz, Sam Skjonsberg, David Wadden, Christopher Wilhelm, Michael Wilson, Luke Zettlemoyer, Ali Farhadi, Noah A. Smith, Hannaneh Hajishirzi"
Why Foundation Models Struggle with Cross-Modal Context,"Chen Henry Wu, Neil Kale, Aditi Raghunathan"
Bayesian scaling laws for in-context learning,"Aryaman Arora, Dan Jurafsky, Christopher Potts, Noah Goodman"
Improving LLMs‘ Generalized Reasoning Abilities by Graph Problems,"Qifan Zhang, Nuo Chen, Zehua Li, Miao Peng, Jing Tang, Jia Li"
Language Models Fail to Introspect About Their Knowledge of Language,"Siyuan Song, Jennifer Hu, Kyle Mahowald"
Echo Chamber: RL Post-training Amplifies Behaviors Learned in Pretraining,"Rosie Zhao, Alexandru Meterez, Sham"
Models: Investigating bias reflected in linguistic markers,"Yishan Wang, Pia Sommerauer, Jelke Bloem"
Can LLMs Handle WebShell Detection? Overcoming Detection Challenges with Behavioral Function-Aware Framework,"Feijiang Han, Jiaming Zhang, Chuyi Deng, Jianheng Tang, Yunhuai Liu"
Short-PHD: Detecting Short LLM-generated Text with Topological Data Analysis After Off-topic Content Insertion,"Dongjun Wei, Minjia Mao, Michael Chau, Xiao Fang"
KVSink: Understanding and Enhancing the Preservation of Attention Sinks in KV Cache Quantization for LLMs,"Zunhai Su, Kehong Yuan"
AdaptMI: Adaptive Skill-based In-context Math Instructions for Small Language Models,"Yinghui He, Abhishek Panigrahi, Yong Lin, Sanjeev Arora"
UNVEILING: What Makes Linguistics Olympiad Puzzles Tricky for LLMs?,"Mukund Choudhary, KV Aditya Srivatsa, Gaurja Aeron, Antara Raaghavi Bhattacharya, Dang Khoa Dang Dinh, Ikhlasul Akmal Hanif, Daria Kotova, Ekaterina Kochmar, Monojit Choudhury"
RARe: Retrieval Augmented Retrieval with In-Context Examples,"Atula Tejaswi, Yoonsang Lee, sujay sanghavi, Eunsol Choi"
Text Speaks Louder than Vision: ASCII Art Reveals Textual Biases in Vision-Language Models,"Zhaochen Wang, Bryan Hooi, Yiwei Wang, Ming-Hsuan Yang, Zi Huang, Yujun Cai"
IMPersona: Evaluating Individual Level LLM Impersonation,"Quan Shi, Carlos E Jimenez, Stephen Dong, Brian Seo, Caden Yao, Adam Kelch, Karthik R Narasimhan"
LLMs as Research Tools: A Large Scale Survey of Researchers’ Usage and Perceptions,"Zhehui Liao, Maria Antoniak, Inyoung Cheong, Evie Yu-Yen Cheng, Ai-Heng Lee, Kyle Lo, Joseph Chee Chang, Amy X Zhang"
Evaluating Large Language Models as Expert Annotators,"Yu-Min Tseng, Wei-Lin Chen, Chung-Chi Chen, Hsin-Hsi Chen"
Agents Are All You Need for LLM Unlearning,"Debdeep Sanyal, Murari Mandal"
Beyond the Reported Cutoff: Where Large Language Models Fall Short on Financial Knowledge,"Agam Shah, Liqin Ye, Sebastian Jaskowski, Wei Xu, Sudheer Chava"
BEARCUBS: A benchmark for computer-using web agents,"Yixiao Song, Katherine Thai, Chau Minh Pham, Yapei Chang, Mazin Nadaf, Mohit Iyyer"
Hypothesis-Driven Theory-of-Mind Reasoning for Large Language Models,"Hyunwoo Kim, Melanie Sclar, Tan Zhi-Xuan, Lance Ying, Sydney Levine, Yang Liu, Joshua B. Tenenbaum, Yejin Choi"
PyramidKV: Dynamic KV Cache Compression based on Pyramidal Information Funneling,"Zefan Cai, Yichi Zhang, Bofei Gao, Yuliang Liu, Yucheng Li, Tianyu Liu, Keming Lu, Wayne Xiong, Yue Dong, Junjie Hu, Wen Xiao"
When Splitting Makes Stronger: A Theoretical and Empirical Analysis of Divide-and-Conquer Prompting in LLMs,"Yizhou Zhang, Lun Du, Defu Cao, Qiang Fu, Yan Liu"
Fluid Language Model Benchmarking,"Valentin Hofmann, David Heineman, Ian Magnusson, Kyle Lo, Jesse Dodge, Maarten Sap, Pang Wei Koh, Chun Wang, Hannaneh Hajishirzi, Noah A. Smith"
Rank1: Test-Time Compute for Reranking in Information Retrieval,"Orion Weller, Kathryn Ricci, Eugene Yang, Andrew Yates, Dawn Lawrie, Benjamin Van Durme"
Crosslingual Capabilities and Knowledge Barriers in Multilingual Large Language Models,"Lynn Chua, Badih Ghazi, Yangsibo Huang, Pritish Kamath, Ravi Kumar, Pasin Manurangsi, Amer Sinha, Chulin Xie, Chiyuan Zhang"
Teaching Models to Understand (but not Generate) High-risk Data,"Ryan Yixiang Wang, Matthew Finlayson, Luca Soldaini, Swabha Swayamdipta, Robin Jia"
Pushing Frontiers in Open Language Model Post-Training,"Nathan Lambert, Jacob Morrison, Valentina Pyatkin, Shengyi Huang, Hamish Ivison, Faeze Brahman, Lester James Validad Miranda, Alisa Liu, Nouha Dziri, Xinxi Lyu, Yuling Gu, Saumya Malik, Victoria Graf, Jena D. Hwang, Jiangjiang Yang, Ronan Le Bras, Oyvind Tafjord, Christopher Wilhelm, Luca Soldaini, Noah A. Smith, Yizhong Wang, Pradeep Dasigi, Hannaneh Hajishirzi"
D3: A Large Dataset for Training Code Language Models to Act Diff-by-Diff,"Ulyana Piterbarg, Kanishk Gandhi, Lerrel Pinto, Noah Goodman, Rob Fergus"
Can Scaling Test-Time Compute Improve World Foundation Model?,"Wenyan Cong, Hanqing Zhu, Peihao Wang, Bangya Liu, Dejia Xu, Kevin Wang, David Z. Pan, Yan Wang, Zhiwen Fan, Zhangyang Wang"
Putting the Value Back in RL: Better Test-Time Scaling by Unifying LLM Reasoners With Verifiers,"Kusha Sareen, Morgane M Moss, Alessandro Sordoni, Arian Hosseini, Rishabh Agarwal"
Higher-Order Binding of Language Model Virtual Personas: a Study on Approximating Political Partisan Misperceptions,"Minwoo Kang, Suhong Moon, Seung Hyeong Lee, Ayush Raj, Joseph Suh, David M. Chan"
Scalable Zeroth-Order Fine-Tuning for Extremely Large Language Models with Limited GPU Memory,"Liangyu Wang, Jie Ren, Hang Xu, Junxiao Wang, Huanyi Xie, David E. Keyes, Di Wang"
HAICOSYSTEM: An Ecosystem for Sandboxing Safety Risks in Interactive AI Agents,"Xuhui Zhou, Hyunwoo Kim, Faeze Brahman, Liwei Jiang, Hao Zhu, Ximing Lu, Frank F. Xu, Bill Yuchen Lin, Yejin Choi, Niloofar Mireshghallah, Ronan Le Bras, Maarten Sap"
CONCAP: Seeing Beyond English with Concepts Retrieval-Augmented Captioning,"George Ibrahim, Rita Ramos, Yova Kementchedjhieva"
Discovering Knowledge Deficiencies of Language Models on Massive Knowledge Base,"Linxin Song, Xuwei Ding, Jieyu Zhang, Taiwei Shi, Ryotaro Shimizu, Rahul Gupta, Yang Liu, Jian Kang, Jieyu Zhao"
A Meta-Evaluation of Measuring LLM Misgendering,"Arjun Subramonian, Vagrant Gautam, Preethi Seshadri, Dietrich Klakow, Kai-Wei Chang, Yizhou Sun"
Ensemble Debiasing Across Class and Sample Levels for Fairer Prompting Accuracy,"Ruixi Lin, Ziqiao Wang, Yang You"
Boosting LLM Reasoning via Spontaneous Self-Correction,"Xutong Zhao, Tengyu Xu, Xuewei Wang, Zhengxing Chen, Di Jin, Liang Tan, Yen-Ting Lin, Zishun Yu, Zhuokai Zhao, Yun He, Sinong Wang, Han Fang, Sarath Chandar, Chen Zhu"
DFRot: Achieving Outlier-Free and Massive Activation-Free for Rotated LLMs with Refined Rotation,"Jingyang Xiang, Sai Qian Zhang"
G1yphD3c0de: Towards Safer Language Models on Visually Perturbed Texts,"Yejinchoi, Yejin Yeo, Yejin Son, Seungju Han, Youngjae Yu"
Gating is Weighting: Understanding Gated Linear Attention through In-context Learning,"Yingcong Li, Davoud Ataee Tarzanagh, Ankit Singh Rawat, Maryam Fazel, Samet Oymak"
The Blessing and Curse of Dimensionality in Safety Alignment,"Rachel S.Y. Teo, Laziz Abdullaev, Tan Minh Nguyen"
Scoring Verifiers: Evaluating Synthetic Verification for Code and Reasoning,"Aleksander Ficek, Somshubra Majumdar, Vahid Noroozi, Boris Ginsburg"
To Backtrack or Not to Backtrack: When Sequential Search Limits Model Reasoning,"Tian Qin, David Alvarez-Melis, Samy Jelassi, Eran Malach"
AIOS: LLM Agent Operating System,"Kai Mei, Xi Zhu, Wujiang Xu, Mingyu Jin, Wenyue Hua, Zelong Li, Shuyuan Xu, Ruosong Ye, Yingqiang Ge, Yongfeng Zhang"
An Illusion of Progress? Assessing the Current State of Web Agents,"Tianci Xue, Weijian Qi, Tianneng Shi, Chan Hee Song, Boyu Gou, Dawn Song, Huan Sun, Yu Su"
Learning by Teaching: Engaging Students as Instructors of Large Language Models in Computer Science Education,"Xinming Yang, Haasil Pujara, Jun Li"
FalseReject: A Resource for Improving Contextual Safety and Mitigating Over-Refusals in LLMs via Structured Reasoning,"Zhehao Zhang, Weijie Xu, Fanyou Wu, Chandan K. Reddy"
ReFeed: Multi-dimensional Summarization Refinement with Reflective Reasoning on Feedback,"Taewon Yun, Jihwan Oh, Hyangsuk Min, Yuho Lee, Jihwan Bang, Jason Cai, Hwanjun Song"
Understanding Layer Significance in LLM Alignment,"Guangyuan SHI, ZEXIN LU, Xiaoyu DONG, Wenlong Zhang, Xuanyu Zhang, Yujie Feng, Xiao-Ming Wu"
Rising Rewards Elite Efficient Process Supervision in LLM Agent Learning,"Zilong Wang, Jingfeng Yang, Sreyashi Nag, Samarth Varshney, Xianfeng Tang, Haoming Jiang, Jingbo Shang, Sheikh Muhammad Sarwar"
Imagine All The Relevance: Scenario-Profiled Indexing with Knowledge Expansion for Dense Retrieval,"Sangam Lee, Ryang Heo, SeongKu Kang, Dongha Lee"
URANIA: Differentially Private Insights into AI Use,"Daogao Liu, Edith Cohen, Badih Ghazi, Peter Kairouz, Pritish Kamath, Alexander Knop, Ravi Kumar, Pasin Manurangsi, Adam Sealfon, Da Yu, Chiyuan Zhang"
Do Large Language Models Have a Planning Theory of Mind? Evidence from MindGames: a Multi-Step Persuasion Task,"Jared Moore, Ned Cooper, Rasmus Overmark, Beba Cibralic, Cameron Robert Jones, Nick Haber"
Robo-Instruct: Simulator-Augmented Instruction Alignment For Finetuning Code LLMs,"Zichao Hu, Junyi Jessy Li, Arjun Guha, Joydeep Biswas"
Navigating the Rabbit Hole: Emergent Biases in LLM-Generated Attack Narratives Targeting Mental Health Groups,"Rijul Magu, Arka Dutta, Sean Kim, Ashiqur R. KhudaBukhsh, Munmun De Choudhury"
Hyperparameter Loss Surfaces Are Simple Near their Optima,"Nicholas Lourie, He He, Kyunghyun Cho"
Overconfidence and overreliance risks in multilingual language models,"Neil Rathi, Dan Jurafsky, Kaitlyn Zhou"
MoA: Mixture of Sparse Attention for Automatic Large Language Model Compression,"Tianyu Fu, Haofeng Huang, Xuefei Ning, Genghan Zhang, Boju Chen, Tianqi Wu, Hongyi Wang, Zixiao Huang, Shiyao Li, Shengen Yan, Guohao Dai, Huazhong Yang, Yu Wang"
VaPR - Vision-language Preference alignment for Reasoning,"Rohan Wadhawan, Fabrice Y Harel-Canada, Zi-Yi Dou, Suhaila Shakiah, Robinson Piramuthu, Nanyun Peng"
Agent S2: A Compositional Generalist-Specialist Framework for Computer Use Agents,"Saaket Agashe, Kyle Wong, Vincent Tu, Jiachen Yang, Ang Li, Xin Eric Wang"
Missing Premise exacerbates Overthinking: Are Reasoning Models losing Critical Thinking Skill?,"Chenrui Fan, Ming Li, Lichao Sun, Tianyi Zhou"
SmolVLM: Redefining small and efficient multimodal models,"Andrés Marafioti, Orr Zohar, Miquel Farré, Merve noyan, Elie Bakouch, Pedro Manuel Cuenca Jiménez, Cyril Zakka, Loubna Ben allal, Anton Lozhkov, Nouamane Tazi, Vaibhav Srivastav, Joshua Lochner, Hugo Larcher, Mathieu Morlon, Lewis Tunstall, Leandro Von Werra, Thomas Wolf"
FormaRL: Enhancing Autoformalization with no Labeled Data,"Yanxing Huang, Xinling Jin, Sijie Liang, Fuwen Luo, Peng Li, Yang Liu"
FiSCo: Fine-grained Similarity Computation for Detecting Biased Responses,"Weijie Xu, Yiwen Wang, Chi Xue, Xiangkun Hu, Xi Fang, Guimin Dong, Chandan K. Reddy"
"Cognitive Behaviors that Enable Self-Improving Reasoners, or, Four Habits of Highly Effective STaRs","Kanishk Gandhi, Ayush K Chakravarthy, Anikait Singh, Nathan Lile, Noah Goodman"
Boundless Byte Pair Encoding: Breaking the Pre-tokenization Barrier,"Craig W Schmidt, Varshini Reddy, Chris Tanner, Yuval Pinter"
The Surprising Effectiveness of Membership Inference with Simple N-Gram Coverage,"Skyler Hallinan, Jaehun Jung, Melanie Sclar, Ximing Lu, Abhilasha Ravichander, Sahana Ramnath, Yejin Choi, Sai Praneeth Karimireddy, Niloofar Mireshghallah, Xiang Ren"
ProsodyLM: Uncovering the Emerging Prosody Processing Capabilities in Speech Language Models,"Kaizhi Qian, Xulin Fan, Junrui Ni, Slava Shechtman, Mark A. Hasegawa-Johnson, Chuang Gan, Yang Zhang"
Quantization Hurts Reasoning? An Empirical Study on Quantized Reasoning Models,"Ruikang Liu, Yuxuan Sun, Manyi Zhang, Haoli Bai, Xianzhi Yu, Tiezheng YU, Chun Yuan, Lu Hou"
Breaking the Data Barrier -- Building GUI Agents Through Task Generalization,"Junlei Zhang, Zichen Ding, Chang Ma, Zijie Chen, Qiushi Sun, Zhenzhong Lan, Junxian He"
LIMO: Less is More for Reasoning,"Yixin Ye, Zhen Huang, Yang Xiao, Ethan Chern, Shijie Xia, Pengfei Liu"
Déjà Vu: Multilingual LLM Evaluation through the Lens of Machine Translation Evaluation,"Julia Kreutzer, Eleftheria Briakou, Sweta Agrawal, Marzieh Fadaee, Tom Kocmi"
Open-Multilingual-Embed: Multilingual Retrieval Without Compromise,"Puxuan Yu, Luke Merrick, Gaurav Nuti, Daniel F Campos"
Vision-Language Models Are Not Pragmatically Competent in Referring Expression Generation,"Ziqiao Ma, Jing Ding, Xuejun Zhang, Dezhi Luo, Jiahe Ding, Sihan Xu, Yuchen Huang, Run Peng, Joyce Chai"
VisOnlyQA: Large Vision Language Models Still Struggle with Visual Perception of Geometric Information,"Ryo Kamoi, Yusen Zhang, Sarkar Snigdha Sarathi Das, Ranran Haoran Zhang, Rui Zhang"
QAPyramid: Fine-grained Evaluation of Content Selection for Text Summarization,"Shiyue Zhang, David Wan, Arie Cattan, Ayal Klein, Ido Dagan, Mohit Bansal"
Language Model Personalization via Reward Factorization,"Idan Shenfeld, Felix Faltings, Pulkit Agrawal, Aldo Pacchiano"
Noiser: Bounded Input Perturbations for Attributing Large Language Models,"Mohammad Reza Ghasemi Madani, Aryo Pradipta Gema, Yu Zhao, Gabriele Sarti, Pasquale Minervini, Andrea Passerini"
MALT: Improving Reasoning with Multi-Agent LLM Training,"Sumeet Ramesh Motwani, Chandler Smith, Rocktim Jyoti Das, Rafael Rafailov, Philip Torr, Ivan Laptev, Fabio Pizzati, Ronald Clark, Christian Schroeder de Witt"
Training Large Language Models to Reason in a Continuous Latent Space,"Shibo Hao, Sainbayar Sukhbaatar, DiJia Su, Xian Li, Zhiting Hu, Jason E Weston, Yuandong Tian"
RepoST: Scalable Repository-Level Coding Environment Construction with Sandbox Testing,"Yiqing Xie, Alex Xie, Divyanshu Sheth, Pengfei Liu, Daniel Fried, Carolyn Rose"
Breakpoint: Stress-testing systems-level reasoning in LLM agents,"Kaivalya Hariharan, Uzay Girit, Zifan Wang, Jacob Andreas"
LongPerceptualThoughts: Distilling System-2 Reasoning for System-1 Perception,"Yuan-Hong Liao, Sven Elflein, Liu He, Laura Leal-Taixé, Yejin Choi, Sanja Fidler, David Acuna"
DeepRetrieval: Hacking Real Search Engines and Retrievers with Large Language Models via Reinforcement Learning,"Pengcheng Jiang, Jiacheng Lin, Lang Cao, Runchu Tian, SeongKu Kang, Zifeng Wang, Jimeng Sun, Jiawei Han"
A Sober Look at Progress in Language Model Reasoning: Pitfalls and Paths to Reproducibility,"Andreas Hochlehnert, Hardik Bhatnagar, Vishaal Udandarao, Samuel Albanie, Ameya Prabhu, Matthias Bethge"
Brains vs. Bytes: Evaluating LLM Proficiency in Olympiad Mathematics,"Hamed Mahdavi, Alireza Hashemi, Majid Daliri, Pegah Mohammadipour, Alireza Farhadi, Samira Malek, Yekta Yazdanifard, Amir Khasahmadi, Vasant G Honavar"
Approximating Language Model Training Data from Weights,"John Xavier Morris, Junjie Oscar Yin, Woojeong Kim, Vitaly Shmatikov, Alexander M Rush"
"RWKV-7 ""Goose"" with Expressive Dynamic State Evolution","Bo Peng, Ruichong Zhang, Daniel Goldstein, Eric Alcaide, Xingjian Du, Haowen Hou, Jiaju Lin, Jiaxing Liu, Janna Lu, William Merrill, Guangyu Song, Kaifeng Tan, Saiteja Utpala, Nathan Wilce, Johan S. Wind, Tianyi Wu, Daniel Wuttke, Christian Zhou-Zheng"
Impact-driven Context Filtering For Cross-file Code Completion,"Yanzhou Li, Shangqing Liu, Kangjie Chen, Tianwei Zhang, Yang Liu"
OpenCodeReasoning: Advancing Data Distillation for Competitive Coding,"Wasi Uddin Ahmad, Sean Narenthiran, Somshubra Majumdar, Aleksander Ficek, Siddhartha Jain, Jocelyn Huang, Vahid Noroozi, Boris Ginsburg"
Algorithm Discovery With LLMs: Evolutionary Search Meets Reinforcement Learning,"Anja Surina, Amin Mansouri, Lars C.P.M. Quaedvlieg, Amal Seddas, Maryna Viazovska, Emmanuel Abbe, Caglar Gulcehre"
A Taxonomy of Transcendence,"Natalie Abreu, Edwin Zhang, Eran Malach, Naomi Saphra"
Estimating Optimal Context Length for Hybrid Retrieval-augmented Multi-document Summarization,"Adithya Pratapa, Teruko Mitamura"
Insights from the Inverse: Reconstructing LLM Training Goals Through Inverse Reinforcement Learning,"Jared Joselowitz, Ritam Majumdar, Arjun Jagota, Matthieu Bou, Nyal Patel, Satyapriya Krishna, Sonali Parbhoo"
Fleurs-SLU: A Massively Multilingual Benchmark for Spoken Language Understanding,"Fabian David Schmidt, Ivan Vulić, Goran Glavaš, David Ifeoluwa Adelani"
From Queries to Criteria: Understanding How Astronomers Evaluate LLMs,"Alina Hyk, Kiera McCormick, Mian Zhong, Ioana Ciucă, Sanjib Sharma, John F Wu, J. E. G. Peek, Kartheik G. Iyer, Ziang Xiao, Anjalie Field"
IterKey: Iterative Keyword Generation with LLMs for Enhanced Retrieval Augmented Generation,"Kazuki Hayashi, Hidetaka Kamigaito, Shinya Kouda, Taro Watanabe"
Customize Multi-modal RAI Guardrails with Precedent-based predictions,"Cheng-Fu Yang, Thanh Tran, Christos Christodoulopoulos, Weitong Ruan, Rahul Gupta, Kai-Wei Chang"
Overfill: Two-Stage Models for Efficient Language Model Decoding,"Woojeong Kim, Junxiong Wang, Jing Nathan Yan, Mohamed S. Abdelfattah, Alexander M Rush"
Enhancing LLM Reasoning with Iterative DPO: A Comprehensive Empirical Investigation,"Songjun Tu, Jiahao Lin, Xiangyu Tian, Qichao Zhang, Linjing Li, Yuqian Fu, Nan Xu, Wei He, Xiangyuan Lan, Dongmei Jiang, Dongbin Zhao"
CLIPPER: Compression enables long-context synthetic data generation,"Chau Minh Pham, Yapei Chang, Mohit Iyyer"
Style over Substance: Distilled Language Models Reason Via Stylistic Replication,"Philip Lippmann, Jie Yang"
Data-Centric Human Preference with Rationales for Direct Preference Alignment,"Hoang Anh Just, Ming Jin, Anit Kumar Sahu, Huy Phan, Ruoxi Jia"
The Negation Bias in Large Language Models: Investigating bias reflected in linguistic markers,"Yishan Wang, Pia Sommerauer, Jelke Bloem"
Can LLMs Handle WebShell Detection? Overcoming Detection Challenges with Behavioral Function-Aware Framework,"Feijiang Han, Jiaming Zhang, Chuyi Deng, Jianheng Tang, Yunhuai Liu"
Short-PHD: Detecting Short LLM-generated Text with Topological Data Analysis After Off-topic Content Insertion,"Dongjun Wei, Minjia Mao, Michael Chau, Xiao Fang"
KVSink: Understanding and Enhancing the Preservation of Attention Sinks in KV Cache Quantization for LLMs,"Zunhai Su, Kehong Yuan"
AdaptMI: Adaptive Skill-based In-context Math Instructions for Small Language Models,"Yinghui He, Abhishek Panigrahi, Yong Lin, Sanjeev Arora"
UNVEILING: What Makes Linguistics Olympiad Puzzles Tricky for LLMs?,"Mukund Choudhary, KV Aditya Srivatsa, Gaurja Aeron, Antara Raaghavi Bhattacharya, Dang Khoa Dang Dinh, Ikhlasul Akmal Hanif, Daria Kotova, Ekaterina Kochmar, Monojit Choudhury"
RARe: Retrieval Augmented Retrieval with In-Context Examples,"Atula Tejaswi, Yoonsang Lee, sujay sanghavi, Eunsol Choi"
Text Speaks Louder than Vision: ASCII Art Reveals Textual Biases in Vision-Language Models,"Zhaochen Wang, Bryan Hooi, Yiwei Wang, Ming-Hsuan Yang, Zi Huang, Yujun Cai"
IMPersona: Evaluating Individual Level LLM Impersonation,"Quan Shi, Carlos E Jimenez, Stephen Dong, Brian Seo, Caden Yao, Adam Kelch, Karthik R Narasimhan"
LLMs as Research Tools: A Large Scale Survey of Researchers’ Usage and Perceptions,"Zhehui Liao, Maria Antoniak"
