session_code,title,session_type,url,speakers,abstract,topics,nvidia_technologies
CWES81440,Leverage Acceleration for AI and HPC in Algorithmic Trading [CWES81440],Connect With the Experts,https://www.nvidia.com/gtc/session-catalog/sessions/gtc26-cwes81440/,"Yuliana Zamora (Sr. Developer Relations Manager, NVIDIA); Pooja Aniker (Solutions Architect, NVIDIA); Mark Bennett (Sr. Solutions Architect, NVIDIA); Derek Beattie (Solutions Architect, NVIDIA); Siddharth Samsi (Sr. Solutions Architect, NVIDIA); Manasa Murthy (Digital Marketing Organization Manager, NVIDIA); Peihan Huo (Solution Architect, NVIDIA); Bogdan Vioreanu (Sr. Solutions Architect, NVIDIA); Roman Yokunda Enzmann (Solutions Architect, NVIDIA); Lavinia Ghita (Solutions Architect, NVIDIA); Martin Marciniszyn Mehringer (Sr. AI Developer Technology Manager, NVIDIA); Yongming Shi (Solution Architect Manager, NVIDIA); Dhruv Desai (Sr. Solutions Architect, NVIDIA)","Join this interactive session with NVIDIA experts to discover how the convergence of artificial intelligence and high performance computing (HPC) is reshaping algorithmic trading. As trading strategies grow in complexity, the need for high-throughput processing and advanced modeling capabilities becomes critical. Speak with our experts about the latest methods to leverage acceleration for data-intensive tasks, from training sophisticated AI models to running massive-scale simulations.",Financial Services,"CUDA, Grace, Mission Control, NCCL, NVLink, RAPIDS, TensorRT, Triton, cuBLAS, cuDF, cuML"
CWES81447,Unleashing AI at Scale: Meet the NVIDIA Networking Experts [CWES81447],Connect With the Experts,https://www.nvidia.com/gtc/session-catalog/sessions/gtc26-cwes81447/,"Taylor Allison (Sr. Networking Product Marketing Manager, NVIDIA); Scot Schultz (Sr. Director, HPC and Technical Computing, NVIDIA); David Iles (Sr. Director, Ethernet Switching, NVIDIA); Moshe Lavi (Senior Director of Product Management, NVIDIA); Avi Alkobi (Sr. Director of Business Development and Technology Alliances, NVIDIA)","Join us for an interactive session and engage directly with NVIDIA's networking experts. We'll cover our full-stack networking platform, including NVLINK, Spectrum-X Ethernet, InfiniBand, and BlueField DPUs, and networking software like Cumulus. Learn how these technologies accelerate every phase of AI, from training to inference, and how tools like NVIDIA AIR can help you validate your infrastructure. This session is designed to answer your specific questions and provide the strategic insights you need to unleash your AI at scale.",All Industries,"Bluefield, NCCL, NVLink"
CWES81458,Everything You Wanted to Know About AI Factories! [CWES81458],Connect With the Experts,https://www.nvidia.com/gtc/session-catalog/sessions/gtc26-cwes81458/,"Yang Yang (Solution Architect, NVIDIA); Scott Ellis (Sr. Director, Solutions Architecture and Engineering, NVIDIA); Jeff Weiss (Sr. Director, NVIDIA); Robert Magno (Manager Solution Architects, NVIDIA); John Fragalla (Principal Architect, NVIDIA); Hans Mortensen (Grace Product Specialist – NVIDIA Solutions Architecture, NVIDIA); Paul Bryan (DGX Solution Architect, NVIDIA)","Learn what goes into an AI Factory. Hardware, software, networking, storage ... nothing is off limits. Want to understand more about how RTX PRO can be used with Spectrum-X networking and Run:ai? Have questions about how NVIDIA Mission Control helps GB300 systems run jobs at peak efficiency? This is the place to be.",All Industries,"Bluefield, DGX, Grace, Mission Control, NVLink"
CWES81461,Distributed Inference at Scale Using Dynamo [CWES81461],Connect With the Experts,https://www.nvidia.com/gtc/session-catalog/sessions/gtc26-cwes81461/,"Akshatha Kamath (Product Manager, NVIDIA); Neelay Shah (Principal Software Architect, NVIDIA); Vikram Sharma Mailthody (Sr. Research Scientist, NVIDIA); Harry Kim (Principal Product Manager, NVIDIA); Kyle Kranen (Team Lead/Manager - Deep Learning Algorithms, NVIDIA); Anish Maddipoti (Product Manager, NVIDIA); Amr Elmeleegy (Product Marketing Manager, NVIDIA)","NVIDIA Dynamo is a distributed inference serving framework built to run LLMs efficiently, reliably, and at massive scale. It helps AI providers reduce cost-per-token, meet strict service level objectives, and scale deployments using Kubernetes across large GPU clusters. Learn how Dynamo delivers high-performance distributed inference across frameworks such as SGLang, TensorRT-LLM, and vLLM. We’ll explore key capabilities — including disaggregated serving, KV-cache-aware routing, topology-aware scheduling, and intelligent memory and cache management — that make Dynamo a powerful foundation for production workloads. Whether you’re evaluating Dynamo, experimenting it, or deepening your understanding of its capabilities and real-world impact, join us to ask questions, see how the system works under the hood, and get practical guidance from the experts who build and deploy it.",All Industries,"TensorRT, vLLM"
CWES81471,Accelerate Your AI Infrastructure at Scale [CWES81471],Connect With the Experts,https://www.nvidia.com/gtc/session-catalog/sessions/gtc26-cwes81471/,"Nicola Bianchi (Sr. Solution Architect, NVIDIA); Kristof De Brouwer (Sr. Solution Architect, NVIDIA); Pramod Kumbhar (Sr. Solutions Architect - HPC & AI, NVIDIA)","This session will be an extension to the session led by NVIDIA senior solutions architects Kristof De Brouwer and Nicola Bianchi titled ""Mastering AI Infrastructure At Scale — a DevOps Playbook."" You can ask questions about your scaled AI deployments of our technical experts, explore deployment strategies in depth, and engage in discussions on optimizing NVIDIA AI infrastructure for your specific environments.",HPC / Scientific Computing,"Bluefield, DGX, GB200, Grace, NVLink"
CWES81472,Build Industrial Digital Twins for the Era of Physical AI [CWES81472],Connect With the Experts,https://www.nvidia.com/gtc/session-catalog/sessions/gtc26-cwes81472/,"Mike Geyer (Omniverse Manufacturing Product Management Lead, NVIDIA); James McKenna (Product Manager, NVIDIA Omniverse, NVIDIA); Adam Brasic (Sr. Solutions Architect, NVIDIA); Teresa Conceicao (Solutions Architect Manager - Omniverse, NVIDIA); Roy C Anthony (Sr. Manager, Solutions Architecture, NVIDIA); Florian Gantert (Global Business Development and Strategy for Omniverse, NVIDIA)","Want to learn how to get started building industrial facility digital twins with NVIDIA Omniverse libraries and OpenUSD? Join this interactive support session with NVIDIA technical product managers and solutions architects to get direct help and surface your questions, issues, and ideas specific to your use case.",Manufacturing,Omniverse
CWES81473,Ask Us Anything About NVIDIA Mission Control [CWES81473],Connect With the Experts,https://www.nvidia.com/gtc/session-catalog/sessions/gtc26-cwes81473/,"Robert Stober (Solutions Architect, NVIDIA); Salah Chaou (Solutions Architect, NVIDIA); Jeff Weiss (Sr. Director, NVIDIA); Chad Chapman (Sr. Solutions Architect, NVIDIA); Charu Ramachandran (Sr. Solutions Architect, NVIDIA); Scott Ellis (Sr. Director, Solutions Architecture and Engineering, NVIDIA)",What is Mission Control? What goes into operating a high performance AI factory? How does Mission Control integrate with other tools and processes? This session is the place to get those types of questions answered!,All Industries,"CUDA, DGX, Grace, Mission Control, NCCL, NIM"
CWES81474,"Automating AI Factory Infrastructure (Ansible, GitOps, etc.) [CWES81474]",Connect With the Experts,https://www.nvidia.com/gtc/session-catalog/sessions/gtc26-cwes81474/,"Vallard Benincosa (Solutions Architect, NVIDIA); Scott Ellis (Sr. Director, Solutions Architecture and Engineering, NVIDIA); Martin Piercy (Sr. Solutions Architect, NVIDIA); Jeff Weiss (Sr. Director, NVIDIA); Chad Chapman (Sr. Solutions Architect, NVIDIA); David Dean (Sr. Solutions Architect, NVIDIA)","AI factories are hard, but automation can make life easier. Join us to get your questions answered about how to use industry standard and product-specific tools to automate the deployment and operation of your AI factory.",All Industries,Mission Control
CWES81481,Next-Gen Data Systems: GPU Acceleration for SQL and Vector Databases [CWES81481],Connect With the Experts,https://www.nvidia.com/gtc/session-catalog/sessions/gtc26-cwes81481/,"Tanmay Gujar (Developer Technology Engineer, NVIDIA); Corey Nolet (Principal Engineer, ML, Data Mining, and Vector Search, NVIDIA); Todd Mostak (Sr. Director of Engineering, NVIDIA); Felipe Aramburu (Distinguished Solutions Architect, NVIDIA); Manas Singh (TPM, Vector Search, NVIDIA)","AI applications increasingly rely on fast, scalable access to both structured data and high-dimensional vector embeddings. Traditional CPU-based systems struggle to meet these demands at scale. We'll explore how to accelerate SQL databases and vector search engines with GPUs, enabling rapid index builds, low-latency queries, and seamless integration of analytical and AI workloads. Learn how GPU-accelerated data systems unlock new performance levels for modern AI pipelines.",All Industries,"CUDA, cuDF, nvCOMP"
CWES81506,Accelerated Computing in Financial Services for Banking [CWES81506],Connect With the Experts,https://www.nvidia.com/gtc/session-catalog/sessions/gtc26-cwes81506/,"Benika Hall (Sr. Solutions Architect, NVIDIA); James Sutton (Sr. Solutions Architect, Gen AI, NVIDIA); Benjamin Wu (Sr. Solutions Architect, NVIDIA); Ellie Arbab (Solutions Architect, NVIDIA); Jessica Clark (Sr. Solutions Architect, NVIDIA); Bogdan Vioreanu (Sr. Solutions Architect, NVIDIA); Roman Yokunda Enzmann (Solutions Architect, NVIDIA); David Williams (Solutions Architect, NVIDIA); Alex Stephens (Sr. Solutions Architect, Financial Services, NVIDIA); Yongming Shi (Solution Architect Manager, NVIDIA); Marcus Manos (Solutions Architect, NVIDIA); Anass Majji (Solution Architect, NVIDIA); Emanuel Scoullos (Sr. Solutions Architect, NVIDIA); Flora Huang (Sr. Solutions Architect, NVIDIA)","Join this interactive session with NVIDIA experts to learn best practices and latest techniques for deploying AI applications and accelerated computing to banking use cases. We'll answer your questions, share implementation insights, and discuss architectural patterns for deploying AI reliably across on-premises, cloud, and hybrid environments. Gain practical guidance on navigating regulatory, data, and governance challenges, and learn how to design robust, efficient, and scalable solutions that unlock new products, services, and operational efficiencies for banks and financial institutions.",Financial Services,"CUDA, Grace, RAPIDS, Triton, cuDF"
CWES81524,"Connect With Cybersecurity, Agentic AI, and Threat Hunter Experts [CWES81524]",Connect With the Experts,https://www.nvidia.com/gtc/session-catalog/sessions/gtc26-cwes81524/,"Neha Hudait (Sr. Security Product Manager, NVIDIA); Ofir Arkin (Sr. Distinguished Engineer, NVIDIA); Hsin Chen (Sr. Data Scientist, Cybersecurity AI, NVIDIA); Marcela Denniston (SDO Executive, NVIDIA); Leon Derczynski (Principal Research Scientist, NVIDIA); Rich Harang (Principal AI Security Engineer, NVIDIA); Becca Lynch (Offensive Security Researcher, NVIDIA); Daniel Rohrer (VP of Software Product Security, NVIDIA); Laura Seletos (Principal Cloud Security Architect, NVIDIA); Julien Soriano (Security Executive, NVIDIA)",Join NVIDIA cybersecurity and agentic AI experts to learn how NVIDIA technology and agentic systems can be applied to strengthen your cybersecurity posture.,All Industries,NIM
CWES81535,CUDA Developer Best Practices [CWES81535],Connect With the Experts,https://www.nvidia.com/gtc/session-catalog/sessions/gtc26-cwes81535/,"Jake Hemstad (Software Engineering Manager, NVIDIA); Georgii Evtushenko (Sr. Software Engineer, NVIDIA); Trent Nelson (Principal Software Engineer, NVIDIA); Leo Fang (Python CUDA Tech Lead, NVIDIA); Jaydeep Marathe (Principal Software Engineer, NVIDIA); Jonathan Bentz (CUDA Technical Marketing Engineer, NVIDIA); Vyas Ramasubramani (NVIDIA); Jonathan Dekhtiar (NVIDIA); Rafael Campana (Sr. Engineering Director of CUDA Developer Tools, NVIDIA); Ashwin Srinath (Senior Software Engineer, NVIDIA); Bryce Lelbach (Principal Architect, NVIDIA)","Join this live Q&A session with some of NVIDIA’s own CUDA developers to demystify the process of building real-world CUDA applications. From utilizing CUDA accelerated libraries, profilers, and debugging tools to setting up CI pipelines, packaging, and builds—this session covers the entire development life cycle. If you’re looking for practical guidance on integrating GPU acceleration into your software, this is the perfect opportunity to get answers and advice from engineers who develop and maintain CUDA software every day.",HPC / Scientific Computing,CUDA
CWES81538,"Multi-Modal RAG: Build Agentic AI Systems With Video, Audio, and Text [CWES81538]",Connect With the Experts,https://www.nvidia.com/gtc/session-catalog/sessions/gtc26-cwes81538/,"Maryam Najafian (Principal SWE, Agentic AI Tech Lead, NVIDIA); Rachel Allen (Engineering Manager, Cybersecurity AI, NVIDIA); Nave Algarici (Generative AI Product Manager, NVIDIA); Annie Surla (Developer Advocate Engineer, NVIDIA); Edward Li (Technical Marketing Engineer, NVIDIA); Bo Liu (Sr. Research Manager, NVIDIA); Sean Sodha (Sr. Software Product Manager, NVIDIA); Daniel Fatade (Sr. Solutions Architect, Gen AI, NVIDIA); Michael Demoret (Engineering Manager, Cybersecurity AI, NVIDIA); Randy Gelhausen (Sr. Engineering Manager, NVIDIA); Tanay Varshney (Developer Advocate Engineer for Deep Learning SW, NVIDIA); Ruchika Kharwar (Product Manager, NVIDIA)","Enterprise developers are moving beyond text-based retrieval-augmented generation (RAG) to harness multi-modal data—video, audio, and text. This Connect with the Experts session explores best practices for designing and optimizing multi-modal agentic RAG systems. Learn to combine speech recognition, visual understanding, and LLMs to enable context-rich, dynamic enterprise AI applications. The discussion covers real-world implementation including vector indexing of multi-modal embeddings, latency optimization for large-scale deployments, and fine-tuning for domain-specific retrieval. Gain insights into integrating NVIDIA Nemotron models and cuVS accelerated vector search to create unified RAG pipelines that reason across diverse data types. Engage with NVIDIA experts and fellow developers to exchange design patterns and best practices for powering next-generation enterprise intelligence.",All Industries,"NIM, NeMo"
CWES81540,"Scale MoE Training With Megatron Core: Features, Optimizations, and Best Practices [CWES81540]",Connect With the Experts,https://www.nvidia.com/gtc/session-catalog/sessions/gtc26-cwes81540/,"Jack Chang (DevTech Engineer, NVIDIA); Yigong Qin (Developer Technology Engineer, NVIDIA); Hongxiao Bai (Sr. DevTech Engineer, NVIDIA); Hongbin Liu (Developer Technology, NVIDIA); Zijie Yan (Sr. DevTech Engineer, NVIDIA); Yuzhong Wang (DevTech Engineer, NVIDIA); Dennis Liu (Sr. DevTech Engineer, NVIDIA); Kunlun Li (Software Engineer, NVIDIA); Xin Yao (Sr. DevTech Engineer, NVIDIA); Zhongbo Zhu (DevTech Engineer, AI, NVIDIA); Yan Bai (DevTech Engineer, NVIDIA)","Engage directly with the Megatron Core MoE development team to explore mixture of experts (MoE) training at scale. This interactive session offers a unique opportunity to discuss the latest advancements in MoE training framework, roadmap, and best practices with the engineers who build it. We'll cover how to train state-of-the-art models like DeepSeek-V3 and Qwen, and share strategies for achieving optimal performance on the latest Grace Blackwell hardware. We'll dive into key features such as leveraging FP8 for accelerated training, implementing efficient expert parallelism with DeepEP/HybridEP, maximizing communication efficiency with 1F1B EP Overlap, and minimizing memory footprint. Whether you're building the next foundation model or optimizing an existing training pipeline, this session delivers actionable insights to maximize throughput and harness the full power of Megatron Core.",Consumer Internet,"Grace, Megatron, NeMo"
CWES81549,"What's in Your Developer Toolbox? CUDA, AI, and Graphics Profiling, Optimization, and Debugging Tools [CWES81549]",Connect With the Experts,https://www.nvidia.com/gtc/session-catalog/sessions/gtc26-cwes81549/,"Rafael Campana (Sr. Engineering Director of CUDA Developer Tools, NVIDIA); Holly Wilper (Manager, System Software Tools, NVIDIA); Magnus Strengert (Software Engineering Manager, NVIDIA); Jonathan Litt (Technical Product Manager, NVIDIA); Jackson Marusarz (Technical Product Manager, NVIDIA); Gaoyan Xie (Sr. Manager of Software Engineering, NVIDIA)","Several experts from the tools development and management teams will be available to talk about getting started, best practices, and advanced techniques for application debugging and optimization with NVIDIA developer tools. You can ask questions about anything from high-level concepts to specific tools details and also discuss plans and suggestions for improving the tools in the future. We can provide a brief overview of the NVIDIA Nsight family of design, profiling, and debugging tools, including an introduction to the latest features and copilot integrations for developing CUDA compute, AI, and graphics applications on the newest platforms.",All Industries,CUDA
CWES81554,Real-World Federated Learning With NVIDIA FLARE [CWES81554],Connect With the Experts,https://www.nvidia.com/gtc/session-catalog/sessions/gtc26-cwes81554/,"Holger Roth (Principal Federated Learning Scientist, NVIDIA); Yuan-Ting Hsieh (Senior Software Engineer, NVIDIA); Chester Chen (Sr. Product and Engineering Manager, NVIDIA); Isaac Yang (Software Engineer, NVIDIA); Jiahui Guan (Senior Solution Architect, NVIDIA); Zhijin Li (Sr. Solutions Architect, NVIDIA)","Federated learning is transforming data-centric industries such as healthcare, life sciences, finance, and transportation — domains where privacy, compliance, and data governance are essential. NVIDIA FLARE enables collaborative model training across institutions without moving sensitive data, unlocking insights from distributed datasets that would otherwise remain siloed. Today, organizations worldwide are deploying federated learning in production, using NVIDIA FLARE to build more accurate diagnostic models, accelerate drug discovery, improve financial risk modeling, and optimize transportation systems. With Confidential Computing on NVIDIA GPUs, FLARE supports secure, decentralized pipelines that maintain data protection and execution integrity across every site, even when running complex multi-party workflows. Meet the experts behind NVIDIA FLARE and join the discussion.",Healthcare & Life Sciences,"CUDA, FLARE, Isaac"
CWES81555,"Leverage AI and Accelerated Computing for Digital Biology: Parabricks, BioNeMo and Clara Open Models [CWES81555]",Connect With the Experts,https://www.nvidia.com/gtc/session-catalog/sessions/gtc26-cwes81555/,"Kyle Gion (Product Manager, Digital Biology Research, NVIDIA); Neha Tadimeti (Product Manager, NVIDIA); Severin Dicks (NVIDIA); T.J. Chen (Product Lead, Genomics, NVIDIA); Daniel Puleri (HPC Engineer, NVIDIA); Steven Kothen-Hill (Sr. Deep Learning Bioinformatics Scientist, NVIDIA); Peter St. John (Machine Learning Engineer, NVIDIA); Pankaj Vats (Sr. Bioinformatics/Genomics Scientist, NVIDIA); Jonathan Mitchell (Sr. Machine Learning Engineer, NVIDIA); Mahan Salehi (Product Manager, NVIDIA); Xin Yu (Sr. Solution Architect, NVIDIA); Kushal Shah (NVIDIA); Darren Hsu (Solutions Architect, NVIDIA); Isabel Wilkinson (NVIDIA)","Join NVIDIA experts to explore the field of digital biology. Discuss the latest advancements in accelerated computing and foundation models for drug discovery and genomics — from bioinformatics tooling to protein structure prediction, molecular dynamics to molecular generation, and much more. Learn how NVIDIA BioNeMo, Parabricks, and RAPIDS-singlecell, together with NVIDIA NIM, empower developers, researchers, and enterprises to quickly create generative AI solutions across chemistry, biology, and genomics. Engage directly with our product managers, developer relations, and solution architects to address your challenges and answer your questions.",Healthcare & Life Sciences,"BioNeMo, CUDA, Clara, DALI, DGX, NIM, Parabricks, RAPIDS, TensorRT, Triton, cuBLAS, cuGraph, cuML"
CWES81568,Build Smarter Robots With Simulation-First Approach Using NVIDIA Isaac Sim and Isaac Lab [CWES81568],Connect With the Experts,https://www.nvidia.com/gtc/session-catalog/sessions/gtc26-cwes81568/,"Teresa Conceicao (Solutions Architect Manager - Omniverse, NVIDIA); Edith Llontop (Solutions Architect, NVIDIA); Akul Santhosh (Solution Architect, Robotics, NVIDIA); Aravindh Shanmuganathan (NVIDIA); Kartik Sachdev (Solutions Architect, NVIDIA); Kelly Guo (Engineering Manager, NVIDIA); Gavriel State (Sr. Director - Simulation and AI, NVIDIA)","Next-generation robots need the ability to sense, plan, and act with full autonomy. A simulation-first approach is key to building robots that are adaptable and efficient — supporting rapid development of robust policies and smooth transfer to new tasks across robot embodiments. Connect with NVIDIA experts to learn how NVIDIA Isaac Sim and Isaac Lab can accelerate your robotics pipeline. Explore how to generate synthetic data, train advanced robot policies, and run software-in-the-loop testing to validate your entire stack and close the gap between simulation and real-world deployment.",All Industries,"Isaac, Omniverse"
CWES81583,AI for Payments [CWES81583],Connect With the Experts,https://www.nvidia.com/gtc/session-catalog/sessions/gtc26-cwes81583/,"Benjamin Wu (Sr. Solutions Architect, NVIDIA); Jessica Clark (Sr. Solutions Architect, NVIDIA); Roman Yokunda Enzmann (Solutions Architect, NVIDIA); David Williams (Solutions Architect, NVIDIA); Alex Stephens (Sr. Solutions Architect, Financial Services, NVIDIA); Marcus Manos (Solutions Architect, NVIDIA); Anass Majji (Solution Architect, NVIDIA); Flora Huang (Sr. Solutions Architect, NVIDIA)","Learn from the NVIDIA financial services Solution Architecture team how artificial intelligence is being applied in the payments industry. We'll discuss techniques like tabular transformers, graph neural networks, and NVIDIA NIMs for large language models, and how they apply to critical payments workflows like fraud detection, anti-money laundering, and customer experience.",Financial Services,"DGX, Morpheus, NCCL, NIM, RAPIDS, TensorRT, Triton, cuDF, cuGraph, cuML"
CWES81586,Connect With the Experts on the Technology Behind DGX Cloud [CWES81586],Connect With the Experts,https://www.nvidia.com/gtc/session-catalog/sessions/gtc26-cwes81586/,"Andrew Liu (Enterprise Products) (Technical Marketing Engineering Manager, NVIDIA Corporation); Christian Shrauder (Director, Cloud Integration Architecture, NVIDIA); Ed Balduf (Cloud Integration Architect, NVIDIA); Peter Cross (Sr. Technical Marketing Engineer, NVIDIA); Pete MacKinnon (Senior Architect, NVIDIA); Yuze Ma (Senior Product Manager, NVIDIA); Sowmyan Soman (Principal Cloud Integration Architect, NVIDIA); Andrew Thappa (Product Manager, Inference, NVIDIA)","Join the DGX Cloud team to ask questions and learn about the technical details, design philosophies, common issues and solutions, and challenges we’re trying to solve, across our portfolio of technologies from GPU Health to distributed inference at scale, and more.",All Industries,"CUDA, DGX, NIM, NeMo, TensorRT, Triton"
CWES81591,Tile Programming for GPUs [CWES81591],Connect With the Experts,https://www.nvidia.com/gtc/session-catalog/sessions/gtc26-cwes81591/,"Bryce Lelbach (Principal Architect, NVIDIA); Stephen Jones (CUDA Architect, NVIDIA); Jared Roesch (NVIDIA); Jaydeep Marathe (Principal Software Engineer, NVIDIA); Andy Terrel (CUDA Python Product Lead, NVIDIA); Rob Armstrong (CUDA Technical PM Lead, NVIDIA)","Bring your questions about performance portability, integration with existing frameworks, and migrating from traditional SIMT kernels for an in-depth discussion of when and how to use each model effectively. Connect with CUDA experts who can help you navigate the new generation of tile-based GPU programming models, including OpenAI’s Triton, NVIDIA’s CuTe DSL in CUTLASS, and the recently announced cuTile tile programming model for CUDA. Come explore how these array- and tile-centric abstractions automate memory movement, pipelining, and Tensor Core utilization while still letting you write high-performance kernels in Python or C++ for AI, scientific computing, and HPC workloads.",All Industries,"CUDA, Triton"
CWES81600,3D Gaussian Splatting for Physical AI Simulation [CWES81600],Connect With the Experts,https://www.nvidia.com/gtc/session-catalog/sessions/gtc26-cwes81600/,"Harel Omer (Sr. Product Manager, Robotics, NVIDIA); Zoe LaLena (Solutions Architect, NVIDIA); Brent Bartlett (Sr. Solutions Architect, NVIDIA); Matthew Cragun (Director of Product, Autonomous Vehicles, NVIDIA); Itai Zadok (Sr. Product Manager, NVIDIA); Riccardo de Lutio (Research Scientist, NVIDIA); Mohamed Hosny (System SW Engineering Manager, NVIDIA)","Advances in 3D Gaussian-based reconstruction are transforming simulation for autonomous vehicles and robotics. This interactive session offers an opportunity to connect directly with experts on cutting-edge techniques for indoor and outdoor physical AI simulation. Learn how Gaussian splatting enables real-time rendering of complex, photorealistic environments with greater computational efficiency than traditional 3D reconstruction methods. Whether you’re a researcher, developer, or industry professional, this session provides the technical grounding and networking opportunities needed to apply 3D Gaussian splatting in simulation pipelines that accelerate autonomy development.",Automotive / Transportation,"Isaac, Omniverse"
CWES81615,Inter-GPU Communication Techniques and Libraries for HPC and AI [CWES81615],Connect With the Experts,https://www.nvidia.com/gtc/session-catalog/sessions/gtc26-cwes81615/,"Pak Markthub (Sr. Software Engineer, NVIDIA); Jiri Kraus (Principal Developer Technology, NVIDIA); Arnav Goel (Sr. Software Engineer, NVIDIA); Jim Dinan (Distinguished Engineer, NVIDIA); Sylvain Jeaugey (Distinguished Engineer, NVIDIA); Akshay Venkatesh (Sr. Software Engineer, NVIDIA); Oded Green (Sr. Developer Technology Engineer, NVIDIA)","Discuss with experts everything related to inter-GPU communication through NVLink, Infiniband, or other networks. We'll cover all communication libraries: NCCL, MPI, UCX/UCC and NVSHMEM. This is the perfect place to discuss performance benefits of GPU Direct, NVLink, Infiniband, and SHARP to accelerate your deep learning training workload or your HPC application.",All Industries,"CUDA, NCCL, NVLink"
CWES81626,From Sandbox to Scale: Build Production-Ready AI Agents for Your Business [CWES81626],Connect With the Experts,https://www.nvidia.com/gtc/session-catalog/sessions/gtc26-cwes81626/,"Meghana Puvvadi (Director of Engineering, AI/ML Enterprise, NVIDIA); Michael Demoret (Engineering Manager, Cybersecurity AI, NVIDIA); Rachel Allen (Engineering Manager, Cybersecurity AI, NVIDIA); JB Blair (Solutions Architect Manager, NVIDIA); Dhruv Nandakumar (Cybersecurity AI Solutions Architect, NVIDIA); Rich Harang (Principal AI Security Engineer, NVIDIA); Hsin Chen (Sr. Data Scientist, Cybersecurity AI, NVIDIA); Nic Borensztein (Principal Solutions Architect, NVIDIA); Matt Penn (Solutions Architect, NVIDIA); Sean Lopp (Sr. Engineer, NVIDIA); Colt McAnlis (Principal Architect, NVIDIA); Ryan Angilly (Principal Engineer, NVIDIA)","Join our experts for a candid, face-to-face discussion on the critical steps needed to take your AI agents from proof-of-concept to production. We'll go beyond the basics, diving into real-world challenges like building for scale, ensuring robust security, and maintaining performance in enterprise environments. This is your chance to get practical advice, ask your toughest questions, and learn what it takes to build agents that truly deliver value for the business.",All Industries,"NIM, NeMo"
CWES81635,"Next-Generation Discovery: Agentic AI for Science, AI-Driven Simulation, and GPU-Accelerated Chemistry [CWES81635]",Connect With the Experts,https://www.nvidia.com/gtc/session-catalog/sessions/gtc26-cwes81635/,"Justin Smith (Sr. Developer Relations Manager, NVIDIA); Stefan Maintz (DevTech Manager, NVIDIA); Yutong Zhao (Product Manager, NVIDIA); Alan Gray (Principal Developer Technology Engineer, NVIDIA); Evan Weinberg (Sr. Compute Developer Technology Engineer, NVIDIA); Piero Altoe (Developer Relations Manager, NVIDIA); Robert Parrish (Sr. Engineering Manager, NVIDIA); Logan Ward (Application Engineer, NVIDIA)","Accelerate your scientific discovery pipeline by connecting directly with experts spanning autonomous AI agents for science, AI for molecular and materials simulation, and high-performance traditional atomistic simulation. You will explore how to leverage the latest GPU-optimized tools — including NVIDIA ALCHEMI Toolkit, cuEquivariance, VASP, and GROMACS — to maximize accuracy and computational throughput for your specific research challenges.",HPC / Scientific Computing,CUDA
CWES81646,"MedTech: Physical AI for Imaging, Intervention, and Robotics [CWES81646]",Connect With the Experts,https://www.nvidia.com/gtc/session-catalog/sessions/gtc26-cwes81646/,"Zhijin Li (Sr. Solutions Architect, NVIDIA); Jay Carlson (Holoscan Product Manager, NVIDIA); Daguang Xu (Sr. Research Manager, NVIDIA); Oliver Kutter (Solution Architect Manager, NVIDIA); Mikael Brudfors (Sr. Solution Architect, NVIDIA); Andres Diaz-Pinto (Sr. AI Scientist, NVIDIA); Mahdi Azizian (Sr. Director, Holoscan Platform and Medical Technologies, NVIDIA); Mostafa Toloui (Holoscan Product Management Lead, NVIDIA); Anas Abidin (Manager of Healthcare Solution Architecture and Engineering, NVIDIA); Rahul Choudhury (Sr. Software Engineering Manager, NVIDIA); Bob Keating (NVIDIA); Bogdan Mitrea (Senior Solution Architect, NVIDIA); Stephen Aylward (Global Alliance Manager for Developer Relations, MedTech, NVIDIA); Nadim Daher (Healthcare Ecosystem Development, NVIDIA)","Physical AI is redefining how next-generation medical devices perceive, decide, and act in the real world. From advanced imaging systems and autonomous interventional workflows to intelligent surgical robots, developers now require a unified stack that bridges data, simulation, and real-time runtime and control. NVIDIA’s platforms — such as Holoscan, Isaac for Healthcare, Omniverse, Cosmos and Metropolis — deliver an end-to-end foundation for building and scaling physical AI: model training with domain-specific foundation models, high-fidelity digital twins for procedure-aware simulation, and deterministic low-latency deployment at the edge. Join NVIDIA experts to learn how to leverage our full-stack technologies to accelerate your development — from imaging and interventional systems to next-generation robotics — and bring safer, smarter MedTech to market faster.",Healthcare & Life Sciences,"Holoscan, Isaac, Omniverse"
CWES81655,Build End-to-End Medical AI Workflows With NVIDIA Clara Open Models [CWES81655],Connect With the Experts,https://www.nvidia.com/gtc/session-catalog/sessions/gtc26-cwes81655/,"Sean Huver (Sr. Manager and Principal ML Engineer, NVIDIA); Maximilian Ofir (Technical Marketing Engineer, NVIDIA GmbH); Daguang Xu (Sr. Research Manager, NVIDIA); Pengfei Guo (Applied Research Scientist, NVIDIA); Andriy Myronenko (Sr. Research Scientist, NVIDIA); Andres Diaz-Pinto (Sr. AI Scientist, NVIDIA); Ahmed Harouni (Technical Marketing Engineer, NVIDIA); Nigel Nelson (Machine Learning Engineer, NVIDIA); Michael Zephyr (Technical Product Manager, NVIDIA); Walter Simson (Machine Learning Engineer, NVIDIA)","Connect with experts on NVIDIA Clara Open Models enabling end-to-end medical AI workflows — from real-time segmentation and synthetic data generation to explainable clinical reasoning and healthcare robotics. Explore deployment strategies across imaging, surgical simulation, and autonomous systems.",Healthcare & Life Sciences,"CUDA, Clara, DGX, Holoscan, Isaac, TensorRT"
CWES81670,Maximize Memory Bandwidth on Modern GPUs [CWES81670],Connect With the Experts,https://www.nvidia.com/gtc/session-catalog/sessions/gtc26-cwes81670/,"Samuel Mish (DevTech Engineer, NVIDIA); Francis Tseng (Principal Accelerated Computing Architect, NVIDIA); Benedikt Dorschner (Sr. DevTech Engineer, NVIDIA); Kate Clark (Distinguished DevTech Engineer, NVIDIA); Matthew Martineau (Sr. Developer Technology Engineer, NVIDIA)","Struggling to fully utilize GPU memory bandwidth on modern architectures? In this interactive session, NVIDIA engineers will work with you in real time to diagnose and optimize memory-bound kernels. Bring your own code, performance traces, or ideas and get hands-on guidance on loop unrolling, vectorization, prefetching, and asynchronous Tensor Memory Accelerator (TMA) pipelines. Learn to recognize common pitfalls, explore TMA patterns, and apply producer–consumer pipelines to maximize throughput. Walk away with practical, actionable solutions tailored to your workloads.",HPC / Scientific Computing,CUDA
CWES81679,"Turbocharge Your LLM Inference: Expert Strategies for Lightning-Fast, Scalable AI Deployment [CWES81679]",Connect With the Experts,https://www.nvidia.com/gtc/session-catalog/sessions/gtc26-cwes81679/,"Haohang Huang (Sr. AI DevTech Engineer, NVIDIA); Nikita Korobov (AI Developer Technology engineer, NVIDIA); Martin Marciniszyn Mehringer (Sr. AI Developer Technology Manager, NVIDIA); Robin Kobus (Developer Technology Engineer, NVIDIA); Julien Debache (AI Developer Technology Engineer, NVIDIA)","Explore cutting-edge methods for accelerating large language model (LLM) inference with NVIDIA technologies. This interactive session dives into deploying and scaling models using TensorRT-LLM with PyTorch integration, alongside modern speculation and quantization techniques that boost efficiency. Learn from NVIDIA experts how to fine-tune inference pipelines, optimize GPU performance, and build scalable, high-throughput deployments across advanced systems like the GB200 NVL72.",All Industries,"CUDA, GB200, TensorRT, vLLM"
CWES81692,Unlock Peak Performance and Stability: End-to-End Benchmarking of AI Infrastructure [CWES81692],Connect With the Experts,https://www.nvidia.com/gtc/session-catalog/sessions/gtc26-cwes81692/,"Giovanni Mascari (Sr. Solutions Architect - HPC & AI, NVIDIA); Vasileios Karakasis (Sr. Systems Software Engineer, NVIDIA); Sriharsha Niverty (Systems Software Engineer, NVIDIA); Michal Marcinkiewicz (Engineering Manager, Deep Learning Algorithms, NVIDIA); Mohak Chadha (Solutions Architect, NVIDIA); Pramod Kumbhar (Sr. Solutions Architect - HPC & AI, NVIDIA); Patrick Atkinson (Sr. Developer Technology Engineer, NVIDIA)","Delivering peak performance and stability in large-scale AI infrastructure is increasingly challenging as workloads and hardware continuously evolve. This requires rapid, end-to-end benchmarking and performance debugging across every layer of the hardware and software stack. Join this interactive session to connect with NVIDIA experts and learn about the benchmarks, tools, and methodologies we use internally at NVIDIA — and make available to you — to measure, optimize, and operate AI infrastructure at scale.",All Industries,
CWES81740,A Deep Dive Into Omniverse Libraries for OpenUSD and Physical AI Development [CWES81740],Connect With the Experts,https://www.nvidia.com/gtc/session-catalog/sessions/gtc26-cwes81740/,"Sebastian Misiurek (Sr. Product Manager, Omniverse, NVIDIA); Neelakantan Mani (Sr. Product Manager, Omniverse Physics, NVIDIA); Stephanie Rubenstein (Sr. Product Marketing Manager, NVIDIA); Richard Yarlett (Technical Marketing Engineer, Omniverse, NVIDIA); Brian Harrison (Sr. Director of Product Management Omniverse, NVIDIA)","Join this interactive Q&A session to get direct, actionable advice from NVIDIA's core engineering teams on overcoming the critical developer friction points in building large-scale, physically accurate digital twins for robotics, autonomous vehicles, and manufacturing. This is your unique opportunity to discuss your specific use cases and technical challenges directly with the experts who develop and maintain the core Omniverse libraries and technologies for world simulation, including OpenUSD, PhysX, RTX, and more.",All Industries,Omniverse
CWES81756,"Next-Gen Digital Health Agents for Language, Speech, and Analytics [CWES81756]",Connect With the Experts,https://www.nvidia.com/gtc/session-catalog/sessions/gtc26-cwes81756/,"Brad Genereaux (Global Lead, Healthcare Alliances, NVIDIA); Jinhan Wang (NVIDIA); Myung Jae Yoo (NVIDIA); Cedric Steenbeke (HCLS Startups Developer Relations Lead, EMEA, NVIDIA); Chelsea Sumner (Healthcare Startups Lead, Americas, NVIDIA); Arun Venkatesan (Sr. Product Manager, Deep Learning Software, NVIDIA); Reza Negahdar (Sr. Solutions Architect, NVIDIA); Abood Quraini (Technical Marketing Engineering Manager, NVIDIA); Ben Randoing (Technical Marketing Engineer, NVIDIA); Jin Li (Technical Marketing Engineer, NVIDIA); Jonny Hancox (Senior Solution Architect, NVIDIA); Ignacio Sarasua (Solutions Architect, NVIDIA); Seyed-Ahmad Ahmadi (Senior Solutions Architect, NVIDIA); Jiahui Guan (Senior Solution Architect, NVIDIA)","The future of digital health is agentic. Join NVIDIA experts to discuss how AI agents are transforming the ecosystem by bridging the gap between perception and reasoning. Discuss the implementation of advanced pipelines that utilize conversational AI and speech for patient interaction, computer vision for diagnostics, and deep analytics for decision support. Whether you are a researcher or an enterprise developer, engage with our team to understand how NVIDIA NIM, blueprints, and SDKs can help you deploy robust, multi-modal agents that drive real-world clinical, research, revenue cycle, and administrative outcomes.",Healthcare & Life Sciences,"Clara, NIM, RAPIDS, TensorRT, Triton"
CWES81759,Quantum Computing and AI [CWES81759],Connect With the Experts,https://www.nvidia.com/gtc/session-catalog/sessions/gtc26-cwes81759/,"Monica Van Dieren (Sr. Technical Marketing Engineer, Quantum and HPC, NVIDIA); Jin-Sung Kim (Developer Relations Manager for Quantum Computing, NVIDIA); Mark Wolf (Technical Marketing Engineer, NVIDIA); Elica (Elitsa) Kyoseva (Director of Quantum Algorithm Engineering, NVIDIA)","Join us to discuss how AI is driving key breakthroughs in quantum computing. From discovering new quantum algorithms with generative AI and building AI-based quantum error correction decoders to enabling the low-latency integration of QPUs and AI supercomputing with NVQLink — whatever your interest in quantum computing, we'll show you how AI can accelerate your work. We’ll answer your questions about realizing these capabilities by architecting hybrid workflows with CUDA-Q, and show you how to leverage CUDA-Q Academic to prepare the next generation of experts to drive this convergence.",HPC / Scientific Computing,CUDA
CWES81771,How to Run and Optimize Your Workloads on the NVIDIA Grace and Vera CPUs [CWES81771],Connect With the Experts,https://www.nvidia.com/gtc/session-catalog/sessions/gtc26-cwes81771/,"Mathias Wagner (Sr. Developer Technology Engineer, NVIDIA); Lukas Alt (Developer Technology Engineer, NVIDIA)","Join us to explore how NVIDIA's latest generation of ARM-based CPUs can boost data center performance and energy efficiency. We'll help you optimize your applications for the current NVIDIA Grace architecture while providing insights into NVIDIA Vera CPU, the next-generation processor based on a custom NVIDIA core — available in the second half 2026. Learn practical strategies to enable your code to run efficiently on these CPUs and understand how to take advantage of the next architectural improvements. We welcome participants interested in evaluating and deploying Grace today, as well as those considering adopting Vera in the future. You should have a foundational understanding of CPU programming. Bring your application-specific and general questions — we're here to help you prepare for both current and future generations of NVIDIA's data center processors.",All Industries,"Grace, Vera"
CWES81817,Best Practices in Building Your AI Factory: Connect With NVIDIA MLOps and AIOps Experts [CWES81817],Connect With the Experts,https://www.nvidia.com/gtc/session-catalog/sessions/gtc26-cwes81817/,"William Benton (Principal Product Architect, NVIDIA); Nik Spirin (Director, Generative AI and LLMOps Platform, NVIDIA); Erik Bohnhorst (Sr. Product Manager, NVIDIA); Michael Balint (Director, Product Architecture, NVIDIA); Nic Borensztein (Principal Solutions Architect, NVIDIA)","As organizations shift from traditional data center to AI factories, building a full-stack AI infrastructure can be challenging. Connect with NVIDIA experts on how to quickly deploy your AI factories, and learn best practices for your ML/AI workflows.",All Industries,"NIM, NeMo"
CWES81843,The Developer’s Roadmap to Physical AI: Bridging Digital Models and Real-World Systems [CWES81843],Connect With the Experts,https://www.nvidia.com/gtc/session-catalog/sessions/gtc26-cwes81843/,"Abubakr Karali (Sr. Solutions Architect, NVIDIA); Maycon da Silva Carvalho (Sr. Solutions Architect, NVIDIA); Stephanie Rubenstein (Sr. Product Marketing Manager, NVIDIA); Chiara Refaeuter (Startups Partner Manager, NVIDIA); Cobus Bothma (Sr. Product Manager, NVIDIA)","The era of generative AI has mastered digital content, but the next frontier lies in the physical world. For developers comfortable with LLMs and retrieval-augmented generation (RAG), the leap into physical AI—robotics, autonomous systems, and edge computing—can feel like starting from zero. This session will bridge that gap. We will deconstruct physical AI workflows, showing you how to translate digital reasoning into physical action. We'll explore how to move beyond text-based inputs to incorporate multi-modal sensing and spatial intelligence, turning static models into interactive, real-world agents.",All Industries,"Isaac, Jetson, Omniverse"
CWES81886,CUDA on Windows and WSL [CWES81886],Connect With the Experts,https://www.nvidia.com/gtc/session-catalog/sessions/gtc26-cwes81886/,"Jalpa Patel (Sr. Systems Software Engineer, NVIDIA); Raphael Boissel (Principal Software Engineer, NVIDIA); Mike Delorme (Sr. Manager, CUDA Software Engineering, NVIDIA)","Join us for a CWE session with the CUDA Windows and WSL engineering group to ask any questions you might have about performance, best practices, and how to leverage some of our new features and new platforms. Bring your questions/requests for customized answers on any topics: WSL containers, tuning programs for MCDM/WDDM, graphics interoperability (DirectX, Vulkan, OpenGL) and AI in games—even some of the most niche memory allocation and optimizations problems, and much more.",HPC / Scientific Computing,CUDA
CWES81905,Accelerate Data Compression and Decompression on GPUs with nvCOMP [CWES81905],Connect With the Experts,https://www.nvidia.com/gtc/session-catalog/sessions/gtc26-cwes81905/,"Naveen Himthani (Sr. Software Engineer, NVIDIA); Eric Schmidt (Sr. DevTech Engineer, NVIDIA); Makan Taghavi (Sr. Product Manager for Image Processing and Data Compression, NVIDIA); Balazs Nagy (Sr. CUDA Math Libraries Engineer, NVIDIA)","Join NVIDIA experts to discuss GPU-accelerated compression and decompression with nvCOMP and dedicated hardware decompress engines for data analytics, genomics, deep learning, and more. We’ll walk through best practices for offloading decompression to Blackwell’s dedicated engine, show how the latest nvCOMP APIs (including Python APIs) simplify integration into existing CPU and GPU pipelines, and talk through real-world performance tuning patterns.",All Industries,"CUDA, cuDF, nvCOMP"
CWES81912,Reinforcement Learning in the Modern AI Stack [CWES81912],Connect With the Experts,https://www.nvidia.com/gtc/session-catalog/sessions/gtc26-cwes81912/,"Chris Alexiuk (Deep Learning Developer Advocate, NVIDIA); Shashank Verma (Sr. Technical Marketing Engineer, NVIDIA); Christopher Wing (Senior Product Manager, NVIDIA)","Explore new solutions for navigating the expanding landscape of reinforcement learning (RL) — know when to use RL, which flavor fits your domain, and what tooling accelerates your path to production. Get practical guidance on stacks, environments, and implementation strategies from hands-on practitioners.",All Industries,NeMo
CWES81955,NVIDIA 101: From Chips to Software — How NVIDIA's AI Platform Enables the AI Revolution [CWES81955],Connect With the Experts,https://www.nvidia.com/gtc/session-catalog/sessions/gtc26-cwes81955/,"Rambo Jacoby (Principal Engineer, NVIDIA)","This session is a continuation of the ""NVIDIA 101: From Chips to Software — How NVIDIA's AI Platform Enables the AI Revolution"" session led by Rambo Jacoby. In this session, you'll get the opportunity to touch and feel NVIDIA's hardware and ask any questions you may have about NVIDIA's platform, and to ask follow up questions from Rambo's earlier session, directly from Rambo himself.",All Industries,"CUDA, Omniverse"
CWES81960,Maximize GPU Resources in Your Virtualized Environment: Best Practices for Sizing and Deployment [CWES81960],Connect With the Experts,https://www.nvidia.com/gtc/session-catalog/sessions/gtc26-cwes81960/,"Jimmy Rotella (Sr. Solutions Architect, NVIDIA); Anshul Fadnavis (Product Management, NVIDIA); Kelly Siggers (Solution Architect, NVIDIA); Phoebe Lee (Sr. Product Marketing Manager, NVIDIA); Randall Siggers (Sr. Solution Architect, NVIDIA)","Join this interactive session for direct insights and recommendations from NVIDIA specialists on fully utilizing your virtualized GPUs to deploy graphic-intensive apps, digital twin simulations, AI development, and more. Engage with experts who've navigated virtualization complexities, offering practical advice and proven methodologies. Bring your questions and leave with actionable strategies to enhance your virtualized data center operations.",All Industries,Omniverse
CWES82007,Best Practices for Accelerating LLM and VLM Inference With vLLM [CWES82007],Connect With the Experts,https://www.nvidia.com/gtc/session-catalog/sessions/gtc26-cwes82007/,"Pavani Majety (Sr. Deep Learning Engineer, Inference, NVIDIA); Benjamin Chislett (Sr. Software Engineer, NVIDIA); Xin Li (Engineering Manager, NVIDIA); Shang Wang (Manager, AI Systems Software, NVIDIA)","Meet with the experts at NVIDIA to learn how to accelerate vLLM inference performance on NVIDIA GPUs. Our experts at NVIDIA help make vLLM more performance and scalable. We cover a diversity of workloads running from DGX spark to NVIDIA GB200 NVL72. Join us for a deep dive in various optimization techniques, including speculative decoding, kernel performance, deployment recipes, reinforcement learning, and open-source software collaborations. Connect with us and share your vLLM use case, and together we'll explore how we can help improve the framework!",All Industries,"CUDA, DGX, GB200, Grace, NCCL, cuBLAS, vLLM"
CWES82212,Boost Data Science Pipelines With Accelerated Libraries [CWES82212],Connect With the Experts,https://www.nvidia.com/gtc/session-catalog/sessions/gtc26-cwes82212/,"Nick Becker (Sr. Technical Product Manager, Data Processing Product Management Lead)","Drop into these walk-up office hours to meet the experts building NVIDIA’s CUDA-X data science libraries and talk through your end-to-end pipeline needs. ​Get practical guidance on where cuDF, cuML, cuGraph, and GPU-accelerated Spark can boost productivity in your workflow. ​Discuss how to experiment and scale from DGX Spark to the largest supercomputers, and share feedback that can help shape upcoming releases.",Financial Services,"CUDA, DGX, RAPIDS, cuDF, cuGraph, cuML"
